--------------------------------------------------------
-- Archivo creado  - viernes-marzo-06-2020   
--------------------------------------------------------
--------------------------------------------------------
--  DDL for Sequence DEMO_CUST_SEQ
--------------------------------------------------------

   CREATE SEQUENCE  "BDS_ESCOM"."DEMO_CUST_SEQ"  MINVALUE 1 MAXVALUE 9999999999999999999999999999 INCREMENT BY 1 START WITH 21 CACHE 20 NOORDER  NOCYCLE ;
--------------------------------------------------------
--  DDL for Sequence DEMO_ORDER_ITEMS_SEQ
--------------------------------------------------------

   CREATE SEQUENCE  "BDS_ESCOM"."DEMO_ORDER_ITEMS_SEQ"  MINVALUE 1 MAXVALUE 9999999999999999999999999999 INCREMENT BY 1 START WITH 61 CACHE 20 NOORDER  NOCYCLE ;
--------------------------------------------------------
--  DDL for Sequence DEMO_ORD_SEQ
--------------------------------------------------------

   CREATE SEQUENCE  "BDS_ESCOM"."DEMO_ORD_SEQ"  MINVALUE 1 MAXVALUE 9999999999999999999999999999 INCREMENT BY 1 START WITH 11 CACHE 20 NOORDER  NOCYCLE ;
--------------------------------------------------------
--  DDL for Sequence DEMO_PROD_SEQ
--------------------------------------------------------

   CREATE SEQUENCE  "BDS_ESCOM"."DEMO_PROD_SEQ"  MINVALUE 1 MAXVALUE 9999999999999999999999999999 INCREMENT BY 1 START WITH 21 CACHE 20 NOORDER  NOCYCLE ;
--------------------------------------------------------
--  DDL for Sequence DEMO_USERS_SEQ
--------------------------------------------------------

   CREATE SEQUENCE  "BDS_ESCOM"."DEMO_USERS_SEQ"  MINVALUE 1 MAXVALUE 9999999999999999999999999999 INCREMENT BY 1 START WITH 21 CACHE 20 NOORDER  NOCYCLE ;
--------------------------------------------------------
--  DDL for Sequence SEQ_TBL_ACTIVIDAD
--------------------------------------------------------

   CREATE SEQUENCE  "BDS_ESCOM"."SEQ_TBL_ACTIVIDAD"  MINVALUE 1 MAXVALUE 9999999999999999999999999999 INCREMENT BY 1 START WITH 203 CACHE 20 NOORDER  NOCYCLE ;
--------------------------------------------------------
--  DDL for Sequence SEQ_TBL_BITACORA
--------------------------------------------------------

   CREATE SEQUENCE  "BDS_ESCOM"."SEQ_TBL_BITACORA"  MINVALUE 1 MAXVALUE 9999999999999999999999999999 INCREMENT BY 1 START WITH 264 CACHE 20 NOORDER  NOCYCLE ;
--------------------------------------------------------
--  DDL for Sequence SEQ_TBL_CONFIGURACION
--------------------------------------------------------

   CREATE SEQUENCE  "BDS_ESCOM"."SEQ_TBL_CONFIGURACION"  MINVALUE 1 MAXVALUE 9999999999999999999999999999 INCREMENT BY 1 START WITH 41 CACHE 20 NOORDER  NOCYCLE ;
--------------------------------------------------------
--  DDL for Sequence SEQ_TBL_MODULO
--------------------------------------------------------

   CREATE SEQUENCE  "BDS_ESCOM"."SEQ_TBL_MODULO"  MINVALUE 1 MAXVALUE 9999999999999999999999999999 INCREMENT BY 1 START WITH 82 CACHE 20 NOORDER  NOCYCLE ;
--------------------------------------------------------
--  DDL for Sequence SEQ_TBL_TIPODOCUMENTO
--------------------------------------------------------

   CREATE SEQUENCE  "BDS_ESCOM"."SEQ_TBL_TIPODOCUMENTO"  MINVALUE 1 MAXVALUE 9999999999999999999999999999 INCREMENT BY 1 START WITH 42 CACHE 20 NOORDER  NOCYCLE ;
--------------------------------------------------------
--  DDL for Sequence SEQ_TBL_USUARIO
--------------------------------------------------------

   CREATE SEQUENCE  "BDS_ESCOM"."SEQ_TBL_USUARIO"  MINVALUE 1 MAXVALUE 9999999999999999999999999999 INCREMENT BY 1 START WITH 243 CACHE 20 NOORDER  NOCYCLE ;
--------------------------------------------------------
--  DDL for Sequence SEQ_TBL_USUARIOACTIVIDAD
--------------------------------------------------------

   CREATE SEQUENCE  "BDS_ESCOM"."SEQ_TBL_USUARIOACTIVIDAD"  MINVALUE 1 MAXVALUE 9999999999999999999999999999 INCREMENT BY 1 START WITH 323 CACHE 20 NOORDER  NOCYCLE ;
--------------------------------------------------------
--  DDL for Table TBL_ACTIVIDAD
--------------------------------------------------------

  CREATE TABLE "BDS_ESCOM"."TBL_ACTIVIDAD" 
   (	"PK_ACT_IDACTIVIDAD" NUMBER, 
	"ACT_ESTADO" VARCHAR2(20 BYTE), 
	"ACT_ULTIMAMODIFICACION" DATE, 
	"FK_ACT_IDMODULO" NUMBER, 
	"ACT_DESCRIPCIONACTIVIDAD" VARCHAR2(200 BYTE), 
	"ACT_NOMBREACTIVIDAD" VARCHAR2(50 BYTE)
   ) SEGMENT CREATION IMMEDIATE 
  PCTFREE 10 PCTUSED 40 INITRANS 1 MAXTRANS 255 NOCOMPRESS LOGGING
  STORAGE(INITIAL 65536 NEXT 1048576 MINEXTENTS 1 MAXEXTENTS 2147483645
  PCTINCREASE 0 FREELISTS 1 FREELIST GROUPS 1 BUFFER_POOL DEFAULT FLASH_CACHE DEFAULT CELL_FLASH_CACHE DEFAULT)
  TABLESPACE "USERS" ;
--------------------------------------------------------
--  DDL for Table TBL_BITACORA
--------------------------------------------------------

  CREATE TABLE "BDS_ESCOM"."TBL_BITACORA" 
   (	"PK_BTC_IDBITACORA" NUMBER, 
	"BTC_OPERACION" VARCHAR2(50 BYTE), 
	"FK_BTC_IDUSUARIO" NUMBER, 
	"BTC_FECHABITACORA" DATE, 
	"FK_BTC_IDMODULO" NUMBER, 
	"BTC_IP" VARCHAR2(20 BYTE), 
	"BTC_TABLAINVOLUCRADA" VARCHAR2(50 BYTE)
   ) SEGMENT CREATION IMMEDIATE 
  PCTFREE 10 PCTUSED 40 INITRANS 1 MAXTRANS 255 NOCOMPRESS LOGGING
  STORAGE(INITIAL 65536 NEXT 1048576 MINEXTENTS 1 MAXEXTENTS 2147483645
  PCTINCREASE 0 FREELISTS 1 FREELIST GROUPS 1 BUFFER_POOL DEFAULT FLASH_CACHE DEFAULT CELL_FLASH_CACHE DEFAULT)
  TABLESPACE "USERS" ;
--------------------------------------------------------
--  DDL for Table TBL_CONFIGURACION
--------------------------------------------------------

  CREATE TABLE "BDS_ESCOM"."TBL_CONFIGURACION" 
   (	"PK_CONF_IDCONFIGURACION" NUMBER(*,0), 
	"CONF_BARRASUPERIOR" VARCHAR2(20 BYTE), 
	"CONF_BARRALATERAL" VARCHAR2(20 BYTE), 
	"CONF_BOTONES" VARCHAR2(20 BYTE), 
	"CONF_LOGO" BLOB, 
	"CONF_IMAGENLOGIN" BLOB
   ) SEGMENT CREATION IMMEDIATE 
  PCTFREE 10 PCTUSED 40 INITRANS 1 MAXTRANS 255 NOCOMPRESS LOGGING
  STORAGE(INITIAL 65536 NEXT 1048576 MINEXTENTS 1 MAXEXTENTS 2147483645
  PCTINCREASE 0 FREELISTS 1 FREELIST GROUPS 1 BUFFER_POOL DEFAULT FLASH_CACHE DEFAULT CELL_FLASH_CACHE DEFAULT)
  TABLESPACE "USERS" 
 LOB ("CONF_LOGO") STORE AS BASICFILE (
  TABLESPACE "USERS" ENABLE STORAGE IN ROW CHUNK 8192 RETENTION 
  NOCACHE LOGGING 
  STORAGE(INITIAL 65536 NEXT 1048576 MINEXTENTS 1 MAXEXTENTS 2147483645
  PCTINCREASE 0 FREELISTS 1 FREELIST GROUPS 1 BUFFER_POOL DEFAULT FLASH_CACHE DEFAULT CELL_FLASH_CACHE DEFAULT)) 
 LOB ("CONF_IMAGENLOGIN") STORE AS BASICFILE (
  TABLESPACE "USERS" ENABLE STORAGE IN ROW CHUNK 8192 RETENTION 
  NOCACHE LOGGING 
  STORAGE(INITIAL 65536 NEXT 1048576 MINEXTENTS 1 MAXEXTENTS 2147483645
  PCTINCREASE 0 FREELISTS 1 FREELIST GROUPS 1 BUFFER_POOL DEFAULT FLASH_CACHE DEFAULT CELL_FLASH_CACHE DEFAULT)) ;
--------------------------------------------------------
--  DDL for Table TBL_MODULO
--------------------------------------------------------

  CREATE TABLE "BDS_ESCOM"."TBL_MODULO" 
   (	"PK_MOD_IDMODULO" NUMBER, 
	"MOD_ULTIMAMODIFICACION" DATE, 
	"MOD_ESTADO" VARCHAR2(20 BYTE), 
	"MOD_ACRONIMO" VARCHAR2(20 BYTE), 
	"MOD_IMAGEN" BLOB, 
	"MOD_DESCRIPCIONMODULO" VARCHAR2(200 BYTE), 
	"MOD_NOMBREMODULO" VARCHAR2(40 BYTE), 
	"MOD_URL" VARCHAR2(40 BYTE)
   ) SEGMENT CREATION IMMEDIATE 
  PCTFREE 10 PCTUSED 40 INITRANS 1 MAXTRANS 255 NOCOMPRESS LOGGING
  STORAGE(INITIAL 65536 NEXT 1048576 MINEXTENTS 1 MAXEXTENTS 2147483645
  PCTINCREASE 0 FREELISTS 1 FREELIST GROUPS 1 BUFFER_POOL DEFAULT FLASH_CACHE DEFAULT CELL_FLASH_CACHE DEFAULT)
  TABLESPACE "USERS" 
 LOB ("MOD_IMAGEN") STORE AS BASICFILE (
  TABLESPACE "USERS" ENABLE STORAGE IN ROW CHUNK 8192 RETENTION 
  NOCACHE LOGGING 
  STORAGE(INITIAL 65536 NEXT 1048576 MINEXTENTS 1 MAXEXTENTS 2147483645
  PCTINCREASE 0 FREELISTS 1 FREELIST GROUPS 1 BUFFER_POOL DEFAULT FLASH_CACHE DEFAULT CELL_FLASH_CACHE DEFAULT)) ;
--------------------------------------------------------
--  DDL for Table TBL_TIPODOCUMENTO
--------------------------------------------------------

  CREATE TABLE "BDS_ESCOM"."TBL_TIPODOCUMENTO" 
   (	"PK_TIP_IDTIPODOCUMENTO" NUMBER, 
	"TIP_TIPODOCUMENTO" VARCHAR2(20 BYTE), 
	"TIP_ULTIMAMODIFICACION" DATE
   ) SEGMENT CREATION IMMEDIATE 
  PCTFREE 10 PCTUSED 40 INITRANS 1 MAXTRANS 255 NOCOMPRESS LOGGING
  STORAGE(INITIAL 65536 NEXT 1048576 MINEXTENTS 1 MAXEXTENTS 2147483645
  PCTINCREASE 0 FREELISTS 1 FREELIST GROUPS 1 BUFFER_POOL DEFAULT FLASH_CACHE DEFAULT CELL_FLASH_CACHE DEFAULT)
  TABLESPACE "USERS" ;
--------------------------------------------------------
--  DDL for Table TBL_USUARIO
--------------------------------------------------------

  CREATE TABLE "BDS_ESCOM"."TBL_USUARIO" 
   (	"PK_USR_IDUSUARIO" NUMBER, 
	"USR_TOKEN" VARCHAR2(300 BYTE), 
	"USR_NUMERODOCUMENTO" NUMBER, 
	"USR_ESTADO" VARCHAR2(20 BYTE), 
	"USR_FECHANACIMIENTO" DATE, 
	"USR_NUMEROINTENTOS" NUMBER, 
	"USR_ULTIMAMODIFICACION" DATE, 
	"USR_CORREOELECTRONICO" VARCHAR2(50 BYTE), 
	"FK_USR_IDTIPODOCUMENTO" NUMBER, 
	"USR_CONTRASENA" VARCHAR2(300 BYTE), 
	"USR_NOMBRE" VARCHAR2(50 BYTE), 
	"USR_APELLIDO" VARCHAR2(50 BYTE)
   ) SEGMENT CREATION IMMEDIATE 
  PCTFREE 10 PCTUSED 40 INITRANS 1 MAXTRANS 255 NOCOMPRESS LOGGING
  STORAGE(INITIAL 65536 NEXT 1048576 MINEXTENTS 1 MAXEXTENTS 2147483645
  PCTINCREASE 0 FREELISTS 1 FREELIST GROUPS 1 BUFFER_POOL DEFAULT FLASH_CACHE DEFAULT CELL_FLASH_CACHE DEFAULT)
  TABLESPACE "USERS" ;
--------------------------------------------------------
--  DDL for Table TBL_USUARIOACTIVIDAD
--------------------------------------------------------

  CREATE TABLE "BDS_ESCOM"."TBL_USUARIOACTIVIDAD" 
   (	"PK_UAC_IDRELACION" NUMBER, 
	"FK_UAC_IDACTIVIDAD" NUMBER, 
	"FK_UAC_IDUSUARIO" NUMBER, 
	"UAC_ULTIMAMODIFICACION" DATE
   ) SEGMENT CREATION IMMEDIATE 
  PCTFREE 10 PCTUSED 40 INITRANS 1 MAXTRANS 255 NOCOMPRESS LOGGING
  STORAGE(INITIAL 65536 NEXT 1048576 MINEXTENTS 1 MAXEXTENTS 2147483645
  PCTINCREASE 0 FREELISTS 1 FREELIST GROUPS 1 BUFFER_POOL DEFAULT FLASH_CACHE DEFAULT CELL_FLASH_CACHE DEFAULT)
  TABLESPACE "USERS" ;
REM INSERTING into BDS_ESCOM.TBL_ACTIVIDAD
SET DEFINE OFF;
Insert into BDS_ESCOM.TBL_ACTIVIDAD (PK_ACT_IDACTIVIDAD,ACT_ESTADO,ACT_ULTIMAMODIFICACION,FK_ACT_IDMODULO,ACT_DESCRIPCIONACTIVIDAD,ACT_NOMBREACTIVIDAD) values ('143','Activo',to_date('06/03/20','DD/MM/RR'),'47','Creacion de actividad modulo documental','MD_Crear actividad');
Insert into BDS_ESCOM.TBL_ACTIVIDAD (PK_ACT_IDACTIVIDAD,ACT_ESTADO,ACT_ULTIMAMODIFICACION,FK_ACT_IDMODULO,ACT_DESCRIPCIONACTIVIDAD,ACT_NOMBREACTIVIDAD) values ('144','Activo',to_date('06/03/20','DD/MM/RR'),'47','Edicion de actividad modulo documental','MD_Editar actividad');
Insert into BDS_ESCOM.TBL_ACTIVIDAD (PK_ACT_IDACTIVIDAD,ACT_ESTADO,ACT_ULTIMAMODIFICACION,FK_ACT_IDMODULO,ACT_DESCRIPCIONACTIVIDAD,ACT_NOMBREACTIVIDAD) values ('145','Activo',to_date('06/03/20','DD/MM/RR'),'47','Listar actividades modulo documental','MD_Listar actividades');
Insert into BDS_ESCOM.TBL_ACTIVIDAD (PK_ACT_IDACTIVIDAD,ACT_ESTADO,ACT_ULTIMAMODIFICACION,FK_ACT_IDMODULO,ACT_DESCRIPCIONACTIVIDAD,ACT_NOMBREACTIVIDAD) values ('146','Activo',to_date('06/03/20','DD/MM/RR'),'47','Llenar informacion actividad especifica modulo documental','MD_Llenar informacion actividad especifica');
Insert into BDS_ESCOM.TBL_ACTIVIDAD (PK_ACT_IDACTIVIDAD,ACT_ESTADO,ACT_ULTIMAMODIFICACION,FK_ACT_IDMODULO,ACT_DESCRIPCIONACTIVIDAD,ACT_NOMBREACTIVIDAD) values ('147','Activo',to_date('06/03/20','DD/MM/RR'),'47','Ver actividad especifica modulo documental','MD_Ver actividad especifica');
Insert into BDS_ESCOM.TBL_ACTIVIDAD (PK_ACT_IDACTIVIDAD,ACT_ESTADO,ACT_ULTIMAMODIFICACION,FK_ACT_IDMODULO,ACT_DESCRIPCIONACTIVIDAD,ACT_NOMBREACTIVIDAD) values ('148','Activo',to_date('06/03/20','DD/MM/RR'),'47','Mostrar informacion actividad especifica','MD_Mostrar informacion actividad especifica');
Insert into BDS_ESCOM.TBL_ACTIVIDAD (PK_ACT_IDACTIVIDAD,ACT_ESTADO,ACT_ULTIMAMODIFICACION,FK_ACT_IDMODULO,ACT_DESCRIPCIONACTIVIDAD,ACT_NOMBREACTIVIDAD) values ('149','Activo',to_date('06/03/20','DD/MM/RR'),'47','Eliminar actividad modulo documental','MD_Eliminar actividad');
Insert into BDS_ESCOM.TBL_ACTIVIDAD (PK_ACT_IDACTIVIDAD,ACT_ESTADO,ACT_ULTIMAMODIFICACION,FK_ACT_IDMODULO,ACT_DESCRIPCIONACTIVIDAD,ACT_NOMBREACTIVIDAD) values ('150','Activo',to_date('06/03/20','DD/MM/RR'),'47','Crear anexo modulo documental','MD_Crear anexo');
Insert into BDS_ESCOM.TBL_ACTIVIDAD (PK_ACT_IDACTIVIDAD,ACT_ESTADO,ACT_ULTIMAMODIFICACION,FK_ACT_IDMODULO,ACT_DESCRIPCIONACTIVIDAD,ACT_NOMBREACTIVIDAD) values ('151','Activo',to_date('06/03/20','DD/MM/RR'),'47','Editar anexo modulo documental','MD_Editar anexo');
Insert into BDS_ESCOM.TBL_ACTIVIDAD (PK_ACT_IDACTIVIDAD,ACT_ESTADO,ACT_ULTIMAMODIFICACION,FK_ACT_IDMODULO,ACT_DESCRIPCIONACTIVIDAD,ACT_NOMBREACTIVIDAD) values ('152','Activo',to_date('06/03/20','DD/MM/RR'),'47','Dehabilitar anexo modulo documental','MD_Deshabilitar anexo');
Insert into BDS_ESCOM.TBL_ACTIVIDAD (PK_ACT_IDACTIVIDAD,ACT_ESTADO,ACT_ULTIMAMODIFICACION,FK_ACT_IDMODULO,ACT_DESCRIPCIONACTIVIDAD,ACT_NOMBREACTIVIDAD) values ('153','Activo',to_date('06/03/20','DD/MM/RR'),'47','Listar anexos modulo documental','MD_Listar anexos');
Insert into BDS_ESCOM.TBL_ACTIVIDAD (PK_ACT_IDACTIVIDAD,ACT_ESTADO,ACT_ULTIMAMODIFICACION,FK_ACT_IDMODULO,ACT_DESCRIPCIONACTIVIDAD,ACT_NOMBREACTIVIDAD) values ('154','Activo',to_date('06/03/20','DD/MM/RR'),'47','Ver anexo especifico modulo documental','MD_Ver anexo especifico');
Insert into BDS_ESCOM.TBL_ACTIVIDAD (PK_ACT_IDACTIVIDAD,ACT_ESTADO,ACT_ULTIMAMODIFICACION,FK_ACT_IDMODULO,ACT_DESCRIPCIONACTIVIDAD,ACT_NOMBREACTIVIDAD) values ('155','Activo',to_date('06/03/20','DD/MM/RR'),'47','Buscar anexo modulo documental','MD_Buscar anexo');
Insert into BDS_ESCOM.TBL_ACTIVIDAD (PK_ACT_IDACTIVIDAD,ACT_ESTADO,ACT_ULTIMAMODIFICACION,FK_ACT_IDMODULO,ACT_DESCRIPCIONACTIVIDAD,ACT_NOMBREACTIVIDAD) values ('156','Activo',to_date('06/03/20','DD/MM/RR'),'47','Listar version anexos modulo documental','MD_Listar version anexos');
Insert into BDS_ESCOM.TBL_ACTIVIDAD (PK_ACT_IDACTIVIDAD,ACT_ESTADO,ACT_ULTIMAMODIFICACION,FK_ACT_IDMODULO,ACT_DESCRIPCIONACTIVIDAD,ACT_NOMBREACTIVIDAD) values ('157','Activo',to_date('06/03/20','DD/MM/RR'),'47','Crear nueva version anexo modulo documental','MD_Crear nueva version anexo');
Insert into BDS_ESCOM.TBL_ACTIVIDAD (PK_ACT_IDACTIVIDAD,ACT_ESTADO,ACT_ULTIMAMODIFICACION,FK_ACT_IDMODULO,ACT_DESCRIPCIONACTIVIDAD,ACT_NOMBREACTIVIDAD) values ('158','Activo',to_date('06/03/20','DD/MM/RR'),'47','Eliminar version anexo modulo documental','MD_Eliminar version anexo');
Insert into BDS_ESCOM.TBL_ACTIVIDAD (PK_ACT_IDACTIVIDAD,ACT_ESTADO,ACT_ULTIMAMODIFICACION,FK_ACT_IDMODULO,ACT_DESCRIPCIONACTIVIDAD,ACT_NOMBREACTIVIDAD) values ('159','Activo',to_date('06/03/20','DD/MM/RR'),'47','Crear comentario modulo documental','MD_Crear comentario');
Insert into BDS_ESCOM.TBL_ACTIVIDAD (PK_ACT_IDACTIVIDAD,ACT_ESTADO,ACT_ULTIMAMODIFICACION,FK_ACT_IDMODULO,ACT_DESCRIPCIONACTIVIDAD,ACT_NOMBREACTIVIDAD) values ('160','Activo',to_date('06/03/20','DD/MM/RR'),'47','Listar comentarios modulo documental','MD_Listar comentarios');
Insert into BDS_ESCOM.TBL_ACTIVIDAD (PK_ACT_IDACTIVIDAD,ACT_ESTADO,ACT_ULTIMAMODIFICACION,FK_ACT_IDMODULO,ACT_DESCRIPCIONACTIVIDAD,ACT_NOMBREACTIVIDAD) values ('161','Activo',to_date('06/03/20','DD/MM/RR'),'47','Listar condiciones modulo documental','MD_Listar condiciones');
Insert into BDS_ESCOM.TBL_ACTIVIDAD (PK_ACT_IDACTIVIDAD,ACT_ESTADO,ACT_ULTIMAMODIFICACION,FK_ACT_IDMODULO,ACT_DESCRIPCIONACTIVIDAD,ACT_NOMBREACTIVIDAD) values ('162','Activo',to_date('06/03/20','DD/MM/RR'),'47','Ver condicion especifica modulo documental','MD_Ver condicion especifica');
Insert into BDS_ESCOM.TBL_ACTIVIDAD (PK_ACT_IDACTIVIDAD,ACT_ESTADO,ACT_ULTIMAMODIFICACION,FK_ACT_IDMODULO,ACT_DESCRIPCIONACTIVIDAD,ACT_NOMBREACTIVIDAD) values ('163','Activo',to_date('06/03/20','DD/MM/RR'),'47','Ver porcentaje condicion modulo documental','MD_Ver porcentaje condicion');
Insert into BDS_ESCOM.TBL_ACTIVIDAD (PK_ACT_IDACTIVIDAD,ACT_ESTADO,ACT_ULTIMAMODIFICACION,FK_ACT_IDMODULO,ACT_DESCRIPCIONACTIVIDAD,ACT_NOMBREACTIVIDAD) values ('164','Activo',to_date('06/03/20','DD/MM/RR'),'47','Crear condicion modulo documental','MD_Crear condicion');
Insert into BDS_ESCOM.TBL_ACTIVIDAD (PK_ACT_IDACTIVIDAD,ACT_ESTADO,ACT_ULTIMAMODIFICACION,FK_ACT_IDMODULO,ACT_DESCRIPCIONACTIVIDAD,ACT_NOMBREACTIVIDAD) values ('165','Activo',to_date('06/03/20','DD/MM/RR'),'47','Editar condicion modulo documental','MD_Editar condicion');
Insert into BDS_ESCOM.TBL_ACTIVIDAD (PK_ACT_IDACTIVIDAD,ACT_ESTADO,ACT_ULTIMAMODIFICACION,FK_ACT_IDMODULO,ACT_DESCRIPCIONACTIVIDAD,ACT_NOMBREACTIVIDAD) values ('166','Activo',to_date('06/03/20','DD/MM/RR'),'47','Dehabilitar condicion modulo documental','MD_Deshabilitar condicion');
Insert into BDS_ESCOM.TBL_ACTIVIDAD (PK_ACT_IDACTIVIDAD,ACT_ESTADO,ACT_ULTIMAMODIFICACION,FK_ACT_IDMODULO,ACT_DESCRIPCIONACTIVIDAD,ACT_NOMBREACTIVIDAD) values ('167','Activo',to_date('06/03/20','DD/MM/RR'),'47','Aprobar condicion modulo documental','MD_Aprobar condicion');
Insert into BDS_ESCOM.TBL_ACTIVIDAD (PK_ACT_IDACTIVIDAD,ACT_ESTADO,ACT_ULTIMAMODIFICACION,FK_ACT_IDMODULO,ACT_DESCRIPCIONACTIVIDAD,ACT_NOMBREACTIVIDAD) values ('168','Activo',to_date('06/03/20','DD/MM/RR'),'47','Obtener id documento modulo documental','MD_Obtener id documento');
Insert into BDS_ESCOM.TBL_ACTIVIDAD (PK_ACT_IDACTIVIDAD,ACT_ESTADO,ACT_ULTIMAMODIFICACION,FK_ACT_IDMODULO,ACT_DESCRIPCIONACTIVIDAD,ACT_NOMBREACTIVIDAD) values ('169','Activo',to_date('06/03/20','DD/MM/RR'),'47','Ver documento especifico modulo documental','MD_Ver documento especifico');
Insert into BDS_ESCOM.TBL_ACTIVIDAD (PK_ACT_IDACTIVIDAD,ACT_ESTADO,ACT_ULTIMAMODIFICACION,FK_ACT_IDMODULO,ACT_DESCRIPCIONACTIVIDAD,ACT_NOMBREACTIVIDAD) values ('170','Activo',to_date('06/03/20','DD/MM/RR'),'47','Listar documentos modulo documental','MD_Listar documentos');
Insert into BDS_ESCOM.TBL_ACTIVIDAD (PK_ACT_IDACTIVIDAD,ACT_ESTADO,ACT_ULTIMAMODIFICACION,FK_ACT_IDMODULO,ACT_DESCRIPCIONACTIVIDAD,ACT_NOMBREACTIVIDAD) values ('171','Activo',to_date('06/03/20','DD/MM/RR'),'47','Obtener documento para editar modulo documental','MD_Obtener documento para editar');
Insert into BDS_ESCOM.TBL_ACTIVIDAD (PK_ACT_IDACTIVIDAD,ACT_ESTADO,ACT_ULTIMAMODIFICACION,FK_ACT_IDMODULO,ACT_DESCRIPCIONACTIVIDAD,ACT_NOMBREACTIVIDAD) values ('172','Activo',to_date('06/03/20','DD/MM/RR'),'47','Crear documento modulo documental','MD_Crear documento');
Insert into BDS_ESCOM.TBL_ACTIVIDAD (PK_ACT_IDACTIVIDAD,ACT_ESTADO,ACT_ULTIMAMODIFICACION,FK_ACT_IDMODULO,ACT_DESCRIPCIONACTIVIDAD,ACT_NOMBREACTIVIDAD) values ('173','Activo',to_date('06/03/20','DD/MM/RR'),'47','Editar documento modulo documental','MD_Editar documento');
Insert into BDS_ESCOM.TBL_ACTIVIDAD (PK_ACT_IDACTIVIDAD,ACT_ESTADO,ACT_ULTIMAMODIFICACION,FK_ACT_IDMODULO,ACT_DESCRIPCIONACTIVIDAD,ACT_NOMBREACTIVIDAD) values ('174','Activo',to_date('06/03/20','DD/MM/RR'),'47','Deshabilitar documento modulo documental','MD_Deshabilitar documento');
Insert into BDS_ESCOM.TBL_ACTIVIDAD (PK_ACT_IDACTIVIDAD,ACT_ESTADO,ACT_ULTIMAMODIFICACION,FK_ACT_IDMODULO,ACT_DESCRIPCIONACTIVIDAD,ACT_NOMBREACTIVIDAD) values ('175','Activo',to_date('06/03/20','DD/MM/RR'),'47','Listar version documentos modulo documental','MD_Listar version documentos');
Insert into BDS_ESCOM.TBL_ACTIVIDAD (PK_ACT_IDACTIVIDAD,ACT_ESTADO,ACT_ULTIMAMODIFICACION,FK_ACT_IDMODULO,ACT_DESCRIPCIONACTIVIDAD,ACT_NOMBREACTIVIDAD) values ('176','Activo',to_date('06/03/20','DD/MM/RR'),'47','Crear nueva version documento modulo documental','MD_Crear nueva version documento');
Insert into BDS_ESCOM.TBL_ACTIVIDAD (PK_ACT_IDACTIVIDAD,ACT_ESTADO,ACT_ULTIMAMODIFICACION,FK_ACT_IDMODULO,ACT_DESCRIPCIONACTIVIDAD,ACT_NOMBREACTIVIDAD) values ('177','Activo',to_date('06/03/20','DD/MM/RR'),'47','Listar procesos modulo documental','MD_Listar procesos');
Insert into BDS_ESCOM.TBL_ACTIVIDAD (PK_ACT_IDACTIVIDAD,ACT_ESTADO,ACT_ULTIMAMODIFICACION,FK_ACT_IDMODULO,ACT_DESCRIPCIONACTIVIDAD,ACT_NOMBREACTIVIDAD) values ('178','Activo',to_date('06/03/20','DD/MM/RR'),'47','Ver proceso especifico modulo documental','MD_Ver proceso especifico');
Insert into BDS_ESCOM.TBL_ACTIVIDAD (PK_ACT_IDACTIVIDAD,ACT_ESTADO,ACT_ULTIMAMODIFICACION,FK_ACT_IDMODULO,ACT_DESCRIPCIONACTIVIDAD,ACT_NOMBREACTIVIDAD) values ('179','Activo',to_date('06/03/20','DD/MM/RR'),'47','Crear proceso modulo documental','MD_Crear proceso');
Insert into BDS_ESCOM.TBL_ACTIVIDAD (PK_ACT_IDACTIVIDAD,ACT_ESTADO,ACT_ULTIMAMODIFICACION,FK_ACT_IDMODULO,ACT_DESCRIPCIONACTIVIDAD,ACT_NOMBREACTIVIDAD) values ('180','Activo',to_date('06/03/20','DD/MM/RR'),'47','Editar proceso modulo documental','MD_Editar proceso');
Insert into BDS_ESCOM.TBL_ACTIVIDAD (PK_ACT_IDACTIVIDAD,ACT_ESTADO,ACT_ULTIMAMODIFICACION,FK_ACT_IDMODULO,ACT_DESCRIPCIONACTIVIDAD,ACT_NOMBREACTIVIDAD) values ('181','Activo',to_date('06/03/20','DD/MM/RR'),'47','Dehabilitar proceso modulo documental','MD_Dehabilitar proceso');
Insert into BDS_ESCOM.TBL_ACTIVIDAD (PK_ACT_IDACTIVIDAD,ACT_ESTADO,ACT_ULTIMAMODIFICACION,FK_ACT_IDMODULO,ACT_DESCRIPCIONACTIVIDAD,ACT_NOMBREACTIVIDAD) values ('182','Activo',to_date('06/03/20','DD/MM/RR'),'47','Listar programas modulo documental','MD_Listar programas');
Insert into BDS_ESCOM.TBL_ACTIVIDAD (PK_ACT_IDACTIVIDAD,ACT_ESTADO,ACT_ULTIMAMODIFICACION,FK_ACT_IDMODULO,ACT_DESCRIPCIONACTIVIDAD,ACT_NOMBREACTIVIDAD) values ('183','Activo',to_date('06/03/20','DD/MM/RR'),'47','Ver programa especifico modulo documental','MD_Ver programa especifico');
Insert into BDS_ESCOM.TBL_ACTIVIDAD (PK_ACT_IDACTIVIDAD,ACT_ESTADO,ACT_ULTIMAMODIFICACION,FK_ACT_IDMODULO,ACT_DESCRIPCIONACTIVIDAD,ACT_NOMBREACTIVIDAD) values ('184','Activo',to_date('06/03/20','DD/MM/RR'),'47','Crear programa modulo documental','MD_Crear programa');
Insert into BDS_ESCOM.TBL_ACTIVIDAD (PK_ACT_IDACTIVIDAD,ACT_ESTADO,ACT_ULTIMAMODIFICACION,FK_ACT_IDMODULO,ACT_DESCRIPCIONACTIVIDAD,ACT_NOMBREACTIVIDAD) values ('185','Activo',to_date('06/03/20','DD/MM/RR'),'47','Editar programa modulo documental','MD_Editar programa');
Insert into BDS_ESCOM.TBL_ACTIVIDAD (PK_ACT_IDACTIVIDAD,ACT_ESTADO,ACT_ULTIMAMODIFICACION,FK_ACT_IDMODULO,ACT_DESCRIPCIONACTIVIDAD,ACT_NOMBREACTIVIDAD) values ('186','Activo',to_date('06/03/20','DD/MM/RR'),'47','Listar usuario condicion modulo documental','MD_Listar usuario condicion');
Insert into BDS_ESCOM.TBL_ACTIVIDAD (PK_ACT_IDACTIVIDAD,ACT_ESTADO,ACT_ULTIMAMODIFICACION,FK_ACT_IDMODULO,ACT_DESCRIPCIONACTIVIDAD,ACT_NOMBREACTIVIDAD) values ('86','Activo',to_date('11/02/20','DD/MM/RR'),'31','...pppppppppp','SA_Editar informacion de los usuarios');
Insert into BDS_ESCOM.TBL_ACTIVIDAD (PK_ACT_IDACTIVIDAD,ACT_ESTADO,ACT_ULTIMAMODIFICACION,FK_ACT_IDMODULO,ACT_DESCRIPCIONACTIVIDAD,ACT_NOMBREACTIVIDAD) values ('87','Activo',to_date('11/02/20','DD/MM/RR'),'31','...','SA_Suspender/activar usuarios');
Insert into BDS_ESCOM.TBL_ACTIVIDAD (PK_ACT_IDACTIVIDAD,ACT_ESTADO,ACT_ULTIMAMODIFICACION,FK_ACT_IDMODULO,ACT_DESCRIPCIONACTIVIDAD,ACT_NOMBREACTIVIDAD) values ('88','Activo',to_date('11/02/20','DD/MM/RR'),'31','..','SA_Registrar modulos');
Insert into BDS_ESCOM.TBL_ACTIVIDAD (PK_ACT_IDACTIVIDAD,ACT_ESTADO,ACT_ULTIMAMODIFICACION,FK_ACT_IDMODULO,ACT_DESCRIPCIONACTIVIDAD,ACT_NOMBREACTIVIDAD) values ('89','Activo',to_date('11/02/20','DD/MM/RR'),'31','...','SA_Consultar modulos registrados');
Insert into BDS_ESCOM.TBL_ACTIVIDAD (PK_ACT_IDACTIVIDAD,ACT_ESTADO,ACT_ULTIMAMODIFICACION,FK_ACT_IDMODULO,ACT_DESCRIPCIONACTIVIDAD,ACT_NOMBREACTIVIDAD) values ('90','Activo',to_date('11/02/20','DD/MM/RR'),'31','....','SA_Editar informacion de los modulos');
Insert into BDS_ESCOM.TBL_ACTIVIDAD (PK_ACT_IDACTIVIDAD,ACT_ESTADO,ACT_ULTIMAMODIFICACION,FK_ACT_IDMODULO,ACT_DESCRIPCIONACTIVIDAD,ACT_NOMBREACTIVIDAD) values ('91','Activo',to_date('11/02/20','DD/MM/RR'),'31','....','SA_Suspender/activar actividades de modulos');
Insert into BDS_ESCOM.TBL_ACTIVIDAD (PK_ACT_IDACTIVIDAD,ACT_ESTADO,ACT_ULTIMAMODIFICACION,FK_ACT_IDMODULO,ACT_DESCRIPCIONACTIVIDAD,ACT_NOMBREACTIVIDAD) values ('92','Activo',to_date('11/02/20','DD/MM/RR'),'31','....','SA_Suspender/activar modulos');
Insert into BDS_ESCOM.TBL_ACTIVIDAD (PK_ACT_IDACTIVIDAD,ACT_ESTADO,ACT_ULTIMAMODIFICACION,FK_ACT_IDMODULO,ACT_DESCRIPCIONACTIVIDAD,ACT_NOMBREACTIVIDAD) values ('93','Activo',to_date('11/02/20','DD/MM/RR'),'31','...','SA_Administrar configuracion de aspecto');
Insert into BDS_ESCOM.TBL_ACTIVIDAD (PK_ACT_IDACTIVIDAD,ACT_ESTADO,ACT_ULTIMAMODIFICACION,FK_ACT_IDMODULO,ACT_DESCRIPCIONACTIVIDAD,ACT_NOMBREACTIVIDAD) values ('94','Activo',to_date('11/02/20','DD/MM/RR'),'31','...','SA_Consultar actividades registradas');
Insert into BDS_ESCOM.TBL_ACTIVIDAD (PK_ACT_IDACTIVIDAD,ACT_ESTADO,ACT_ULTIMAMODIFICACION,FK_ACT_IDMODULO,ACT_DESCRIPCIONACTIVIDAD,ACT_NOMBREACTIVIDAD) values ('95','Activo',to_date('11/02/20','DD/MM/RR'),'31','....','SA_Registrar actividad');
Insert into BDS_ESCOM.TBL_ACTIVIDAD (PK_ACT_IDACTIVIDAD,ACT_ESTADO,ACT_ULTIMAMODIFICACION,FK_ACT_IDMODULO,ACT_DESCRIPCIONACTIVIDAD,ACT_NOMBREACTIVIDAD) values ('96','Activo',to_date('11/02/20','DD/MM/RR'),'31','....','SA_Suspender/activar actividades');
Insert into BDS_ESCOM.TBL_ACTIVIDAD (PK_ACT_IDACTIVIDAD,ACT_ESTADO,ACT_ULTIMAMODIFICACION,FK_ACT_IDMODULO,ACT_DESCRIPCIONACTIVIDAD,ACT_NOMBREACTIVIDAD) values ('97','Activo',to_date('11/02/20','DD/MM/RR'),'31','...','SA_Editar informacion de la actividad');
Insert into BDS_ESCOM.TBL_ACTIVIDAD (PK_ACT_IDACTIVIDAD,ACT_ESTADO,ACT_ULTIMAMODIFICACION,FK_ACT_IDMODULO,ACT_DESCRIPCIONACTIVIDAD,ACT_NOMBREACTIVIDAD) values ('84','Activo',to_date('11/02/20','DD/MM/RR'),'31','permiso para consultar los usuarios actualmente inscritos en el sistema','SA_Asignacion de actividades a los usuarios');
Insert into BDS_ESCOM.TBL_ACTIVIDAD (PK_ACT_IDACTIVIDAD,ACT_ESTADO,ACT_ULTIMAMODIFICACION,FK_ACT_IDMODULO,ACT_DESCRIPCIONACTIVIDAD,ACT_NOMBREACTIVIDAD) values ('85','Activo',to_date('11/02/20','DD/MM/RR'),'31','Permiso que habilita el registro de usuarios en la plataforma','SA_Registrar usuarios');
Insert into BDS_ESCOM.TBL_ACTIVIDAD (PK_ACT_IDACTIVIDAD,ACT_ESTADO,ACT_ULTIMAMODIFICACION,FK_ACT_IDMODULO,ACT_DESCRIPCIONACTIVIDAD,ACT_NOMBREACTIVIDAD) values ('83','Activo',null,'31','actividad de prueba xde','SA_Consultar usuarios registrados');
REM INSERTING into BDS_ESCOM.TBL_BITACORA
SET DEFINE OFF;
Insert into BDS_ESCOM.TBL_BITACORA (PK_BTC_IDBITACORA,BTC_OPERACION,FK_BTC_IDUSUARIO,BTC_FECHABITACORA,FK_BTC_IDMODULO,BTC_IP,BTC_TABLAINVOLUCRADA) values ('164','Administrar configuracion de aspecto','8',to_date('06/03/20','DD/MM/RR'),'31','181.136.70.75','TBL_CONFIGURACION');
Insert into BDS_ESCOM.TBL_BITACORA (PK_BTC_IDBITACORA,BTC_OPERACION,FK_BTC_IDUSUARIO,BTC_FECHABITACORA,FK_BTC_IDMODULO,BTC_IP,BTC_TABLAINVOLUCRADA) values ('165','Administrar configuracion de aspecto','8',to_date('06/03/20','DD/MM/RR'),'31','181.136.70.75','TBL_CONFIGURACION');
Insert into BDS_ESCOM.TBL_BITACORA (PK_BTC_IDBITACORA,BTC_OPERACION,FK_BTC_IDUSUARIO,BTC_FECHABITACORA,FK_BTC_IDMODULO,BTC_IP,BTC_TABLAINVOLUCRADA) values ('166','Registrar usuarios','8',to_date('06/03/20','DD/MM/RR'),'31','181.136.70.75','TBL_USUARIO');
Insert into BDS_ESCOM.TBL_BITACORA (PK_BTC_IDBITACORA,BTC_OPERACION,FK_BTC_IDUSUARIO,BTC_FECHABITACORA,FK_BTC_IDMODULO,BTC_IP,BTC_TABLAINVOLUCRADA) values ('167','Registrar actividad','8',to_date('06/03/20','DD/MM/RR'),'31','181.136.70.75','TBL_ACTIVIDAD');
Insert into BDS_ESCOM.TBL_BITACORA (PK_BTC_IDBITACORA,BTC_OPERACION,FK_BTC_IDUSUARIO,BTC_FECHABITACORA,FK_BTC_IDMODULO,BTC_IP,BTC_TABLAINVOLUCRADA) values ('168','Registrar actividad','8',to_date('06/03/20','DD/MM/RR'),'31','181.136.70.75','TBL_ACTIVIDAD');
Insert into BDS_ESCOM.TBL_BITACORA (PK_BTC_IDBITACORA,BTC_OPERACION,FK_BTC_IDUSUARIO,BTC_FECHABITACORA,FK_BTC_IDMODULO,BTC_IP,BTC_TABLAINVOLUCRADA) values ('169','Registrar actividad','8',to_date('06/03/20','DD/MM/RR'),'31','181.136.70.75','TBL_ACTIVIDAD');
Insert into BDS_ESCOM.TBL_BITACORA (PK_BTC_IDBITACORA,BTC_OPERACION,FK_BTC_IDUSUARIO,BTC_FECHABITACORA,FK_BTC_IDMODULO,BTC_IP,BTC_TABLAINVOLUCRADA) values ('170','Registrar actividad','8',to_date('06/03/20','DD/MM/RR'),'31','181.136.70.75','TBL_ACTIVIDAD');
Insert into BDS_ESCOM.TBL_BITACORA (PK_BTC_IDBITACORA,BTC_OPERACION,FK_BTC_IDUSUARIO,BTC_FECHABITACORA,FK_BTC_IDMODULO,BTC_IP,BTC_TABLAINVOLUCRADA) values ('171','Registrar actividad','8',to_date('06/03/20','DD/MM/RR'),'31','181.136.70.75','TBL_ACTIVIDAD');
Insert into BDS_ESCOM.TBL_BITACORA (PK_BTC_IDBITACORA,BTC_OPERACION,FK_BTC_IDUSUARIO,BTC_FECHABITACORA,FK_BTC_IDMODULO,BTC_IP,BTC_TABLAINVOLUCRADA) values ('172','Registrar actividad','8',to_date('06/03/20','DD/MM/RR'),'31','181.136.70.75','TBL_ACTIVIDAD');
Insert into BDS_ESCOM.TBL_BITACORA (PK_BTC_IDBITACORA,BTC_OPERACION,FK_BTC_IDUSUARIO,BTC_FECHABITACORA,FK_BTC_IDMODULO,BTC_IP,BTC_TABLAINVOLUCRADA) values ('173','Registrar actividad','8',to_date('06/03/20','DD/MM/RR'),'31','181.136.70.75','TBL_ACTIVIDAD');
Insert into BDS_ESCOM.TBL_BITACORA (PK_BTC_IDBITACORA,BTC_OPERACION,FK_BTC_IDUSUARIO,BTC_FECHABITACORA,FK_BTC_IDMODULO,BTC_IP,BTC_TABLAINVOLUCRADA) values ('174','Registrar actividad','8',to_date('06/03/20','DD/MM/RR'),'31','181.136.70.75','TBL_ACTIVIDAD');
Insert into BDS_ESCOM.TBL_BITACORA (PK_BTC_IDBITACORA,BTC_OPERACION,FK_BTC_IDUSUARIO,BTC_FECHABITACORA,FK_BTC_IDMODULO,BTC_IP,BTC_TABLAINVOLUCRADA) values ('175','Registrar actividad','8',to_date('06/03/20','DD/MM/RR'),'31','181.136.70.75','TBL_ACTIVIDAD');
Insert into BDS_ESCOM.TBL_BITACORA (PK_BTC_IDBITACORA,BTC_OPERACION,FK_BTC_IDUSUARIO,BTC_FECHABITACORA,FK_BTC_IDMODULO,BTC_IP,BTC_TABLAINVOLUCRADA) values ('176','Registrar actividad','8',to_date('06/03/20','DD/MM/RR'),'31','181.136.70.75','TBL_ACTIVIDAD');
Insert into BDS_ESCOM.TBL_BITACORA (PK_BTC_IDBITACORA,BTC_OPERACION,FK_BTC_IDUSUARIO,BTC_FECHABITACORA,FK_BTC_IDMODULO,BTC_IP,BTC_TABLAINVOLUCRADA) values ('177','Registrar actividad','8',to_date('06/03/20','DD/MM/RR'),'31','181.136.70.75','TBL_ACTIVIDAD');
Insert into BDS_ESCOM.TBL_BITACORA (PK_BTC_IDBITACORA,BTC_OPERACION,FK_BTC_IDUSUARIO,BTC_FECHABITACORA,FK_BTC_IDMODULO,BTC_IP,BTC_TABLAINVOLUCRADA) values ('178','Registrar actividad','8',to_date('06/03/20','DD/MM/RR'),'31','181.136.70.75','TBL_ACTIVIDAD');
Insert into BDS_ESCOM.TBL_BITACORA (PK_BTC_IDBITACORA,BTC_OPERACION,FK_BTC_IDUSUARIO,BTC_FECHABITACORA,FK_BTC_IDMODULO,BTC_IP,BTC_TABLAINVOLUCRADA) values ('179','Registrar actividad','8',to_date('06/03/20','DD/MM/RR'),'31','181.136.70.75','TBL_ACTIVIDAD');
Insert into BDS_ESCOM.TBL_BITACORA (PK_BTC_IDBITACORA,BTC_OPERACION,FK_BTC_IDUSUARIO,BTC_FECHABITACORA,FK_BTC_IDMODULO,BTC_IP,BTC_TABLAINVOLUCRADA) values ('180','Registrar actividad','8',to_date('06/03/20','DD/MM/RR'),'31','181.136.70.75','TBL_ACTIVIDAD');
Insert into BDS_ESCOM.TBL_BITACORA (PK_BTC_IDBITACORA,BTC_OPERACION,FK_BTC_IDUSUARIO,BTC_FECHABITACORA,FK_BTC_IDMODULO,BTC_IP,BTC_TABLAINVOLUCRADA) values ('181','Registrar actividad','8',to_date('06/03/20','DD/MM/RR'),'31','181.136.70.75','TBL_ACTIVIDAD');
Insert into BDS_ESCOM.TBL_BITACORA (PK_BTC_IDBITACORA,BTC_OPERACION,FK_BTC_IDUSUARIO,BTC_FECHABITACORA,FK_BTC_IDMODULO,BTC_IP,BTC_TABLAINVOLUCRADA) values ('182','Registrar actividad','8',to_date('06/03/20','DD/MM/RR'),'31','181.136.70.75','TBL_ACTIVIDAD');
Insert into BDS_ESCOM.TBL_BITACORA (PK_BTC_IDBITACORA,BTC_OPERACION,FK_BTC_IDUSUARIO,BTC_FECHABITACORA,FK_BTC_IDMODULO,BTC_IP,BTC_TABLAINVOLUCRADA) values ('183','Registrar actividad','8',to_date('06/03/20','DD/MM/RR'),'31','181.136.70.75','TBL_ACTIVIDAD');
Insert into BDS_ESCOM.TBL_BITACORA (PK_BTC_IDBITACORA,BTC_OPERACION,FK_BTC_IDUSUARIO,BTC_FECHABITACORA,FK_BTC_IDMODULO,BTC_IP,BTC_TABLAINVOLUCRADA) values ('184','Registrar actividad','8',to_date('06/03/20','DD/MM/RR'),'31','181.136.70.75','TBL_ACTIVIDAD');
Insert into BDS_ESCOM.TBL_BITACORA (PK_BTC_IDBITACORA,BTC_OPERACION,FK_BTC_IDUSUARIO,BTC_FECHABITACORA,FK_BTC_IDMODULO,BTC_IP,BTC_TABLAINVOLUCRADA) values ('185','Registrar actividad','8',to_date('06/03/20','DD/MM/RR'),'31','181.136.70.75','TBL_ACTIVIDAD');
Insert into BDS_ESCOM.TBL_BITACORA (PK_BTC_IDBITACORA,BTC_OPERACION,FK_BTC_IDUSUARIO,BTC_FECHABITACORA,FK_BTC_IDMODULO,BTC_IP,BTC_TABLAINVOLUCRADA) values ('186','Registrar actividad','8',to_date('06/03/20','DD/MM/RR'),'31','181.136.70.75','TBL_ACTIVIDAD');
Insert into BDS_ESCOM.TBL_BITACORA (PK_BTC_IDBITACORA,BTC_OPERACION,FK_BTC_IDUSUARIO,BTC_FECHABITACORA,FK_BTC_IDMODULO,BTC_IP,BTC_TABLAINVOLUCRADA) values ('187','Registrar actividad','8',to_date('06/03/20','DD/MM/RR'),'31','181.136.70.75','TBL_ACTIVIDAD');
Insert into BDS_ESCOM.TBL_BITACORA (PK_BTC_IDBITACORA,BTC_OPERACION,FK_BTC_IDUSUARIO,BTC_FECHABITACORA,FK_BTC_IDMODULO,BTC_IP,BTC_TABLAINVOLUCRADA) values ('188','Registrar actividad','8',to_date('06/03/20','DD/MM/RR'),'31','181.136.70.75','TBL_ACTIVIDAD');
Insert into BDS_ESCOM.TBL_BITACORA (PK_BTC_IDBITACORA,BTC_OPERACION,FK_BTC_IDUSUARIO,BTC_FECHABITACORA,FK_BTC_IDMODULO,BTC_IP,BTC_TABLAINVOLUCRADA) values ('189','Registrar actividad','8',to_date('06/03/20','DD/MM/RR'),'31','181.136.70.75','TBL_ACTIVIDAD');
Insert into BDS_ESCOM.TBL_BITACORA (PK_BTC_IDBITACORA,BTC_OPERACION,FK_BTC_IDUSUARIO,BTC_FECHABITACORA,FK_BTC_IDMODULO,BTC_IP,BTC_TABLAINVOLUCRADA) values ('190','Registrar actividad','8',to_date('06/03/20','DD/MM/RR'),'31','181.136.70.75','TBL_ACTIVIDAD');
Insert into BDS_ESCOM.TBL_BITACORA (PK_BTC_IDBITACORA,BTC_OPERACION,FK_BTC_IDUSUARIO,BTC_FECHABITACORA,FK_BTC_IDMODULO,BTC_IP,BTC_TABLAINVOLUCRADA) values ('191','Registrar actividad','8',to_date('06/03/20','DD/MM/RR'),'31','181.136.70.75','TBL_ACTIVIDAD');
Insert into BDS_ESCOM.TBL_BITACORA (PK_BTC_IDBITACORA,BTC_OPERACION,FK_BTC_IDUSUARIO,BTC_FECHABITACORA,FK_BTC_IDMODULO,BTC_IP,BTC_TABLAINVOLUCRADA) values ('192','Registrar actividad','8',to_date('06/03/20','DD/MM/RR'),'31','181.136.70.75','TBL_ACTIVIDAD');
Insert into BDS_ESCOM.TBL_BITACORA (PK_BTC_IDBITACORA,BTC_OPERACION,FK_BTC_IDUSUARIO,BTC_FECHABITACORA,FK_BTC_IDMODULO,BTC_IP,BTC_TABLAINVOLUCRADA) values ('193','Registrar actividad','8',to_date('06/03/20','DD/MM/RR'),'31','181.136.70.75','TBL_ACTIVIDAD');
Insert into BDS_ESCOM.TBL_BITACORA (PK_BTC_IDBITACORA,BTC_OPERACION,FK_BTC_IDUSUARIO,BTC_FECHABITACORA,FK_BTC_IDMODULO,BTC_IP,BTC_TABLAINVOLUCRADA) values ('194','Registrar actividad','8',to_date('06/03/20','DD/MM/RR'),'31','181.136.70.75','TBL_ACTIVIDAD');
Insert into BDS_ESCOM.TBL_BITACORA (PK_BTC_IDBITACORA,BTC_OPERACION,FK_BTC_IDUSUARIO,BTC_FECHABITACORA,FK_BTC_IDMODULO,BTC_IP,BTC_TABLAINVOLUCRADA) values ('195','Registrar actividad','8',to_date('06/03/20','DD/MM/RR'),'31','181.136.70.75','TBL_ACTIVIDAD');
Insert into BDS_ESCOM.TBL_BITACORA (PK_BTC_IDBITACORA,BTC_OPERACION,FK_BTC_IDUSUARIO,BTC_FECHABITACORA,FK_BTC_IDMODULO,BTC_IP,BTC_TABLAINVOLUCRADA) values ('196','Registrar actividad','8',to_date('06/03/20','DD/MM/RR'),'31','181.136.70.75','TBL_ACTIVIDAD');
Insert into BDS_ESCOM.TBL_BITACORA (PK_BTC_IDBITACORA,BTC_OPERACION,FK_BTC_IDUSUARIO,BTC_FECHABITACORA,FK_BTC_IDMODULO,BTC_IP,BTC_TABLAINVOLUCRADA) values ('197','Registrar actividad','8',to_date('06/03/20','DD/MM/RR'),'31','181.136.70.75','TBL_ACTIVIDAD');
Insert into BDS_ESCOM.TBL_BITACORA (PK_BTC_IDBITACORA,BTC_OPERACION,FK_BTC_IDUSUARIO,BTC_FECHABITACORA,FK_BTC_IDMODULO,BTC_IP,BTC_TABLAINVOLUCRADA) values ('198','Registrar actividad','8',to_date('06/03/20','DD/MM/RR'),'31','181.136.70.75','TBL_ACTIVIDAD');
Insert into BDS_ESCOM.TBL_BITACORA (PK_BTC_IDBITACORA,BTC_OPERACION,FK_BTC_IDUSUARIO,BTC_FECHABITACORA,FK_BTC_IDMODULO,BTC_IP,BTC_TABLAINVOLUCRADA) values ('199','Registrar actividad','8',to_date('06/03/20','DD/MM/RR'),'31','181.136.70.75','TBL_ACTIVIDAD');
Insert into BDS_ESCOM.TBL_BITACORA (PK_BTC_IDBITACORA,BTC_OPERACION,FK_BTC_IDUSUARIO,BTC_FECHABITACORA,FK_BTC_IDMODULO,BTC_IP,BTC_TABLAINVOLUCRADA) values ('200','Registrar actividad','8',to_date('06/03/20','DD/MM/RR'),'31','181.136.70.75','TBL_ACTIVIDAD');
Insert into BDS_ESCOM.TBL_BITACORA (PK_BTC_IDBITACORA,BTC_OPERACION,FK_BTC_IDUSUARIO,BTC_FECHABITACORA,FK_BTC_IDMODULO,BTC_IP,BTC_TABLAINVOLUCRADA) values ('201','Registrar actividad','8',to_date('06/03/20','DD/MM/RR'),'31','181.136.70.75','TBL_ACTIVIDAD');
Insert into BDS_ESCOM.TBL_BITACORA (PK_BTC_IDBITACORA,BTC_OPERACION,FK_BTC_IDUSUARIO,BTC_FECHABITACORA,FK_BTC_IDMODULO,BTC_IP,BTC_TABLAINVOLUCRADA) values ('202','Registrar actividad','8',to_date('06/03/20','DD/MM/RR'),'31','181.136.70.75','TBL_ACTIVIDAD');
Insert into BDS_ESCOM.TBL_BITACORA (PK_BTC_IDBITACORA,BTC_OPERACION,FK_BTC_IDUSUARIO,BTC_FECHABITACORA,FK_BTC_IDMODULO,BTC_IP,BTC_TABLAINVOLUCRADA) values ('203','Registrar actividad','8',to_date('06/03/20','DD/MM/RR'),'31','181.136.70.75','TBL_ACTIVIDAD');
Insert into BDS_ESCOM.TBL_BITACORA (PK_BTC_IDBITACORA,BTC_OPERACION,FK_BTC_IDUSUARIO,BTC_FECHABITACORA,FK_BTC_IDMODULO,BTC_IP,BTC_TABLAINVOLUCRADA) values ('204','Registrar actividad','8',to_date('06/03/20','DD/MM/RR'),'31','181.136.70.75','TBL_ACTIVIDAD');
Insert into BDS_ESCOM.TBL_BITACORA (PK_BTC_IDBITACORA,BTC_OPERACION,FK_BTC_IDUSUARIO,BTC_FECHABITACORA,FK_BTC_IDMODULO,BTC_IP,BTC_TABLAINVOLUCRADA) values ('205','Registrar actividad','8',to_date('06/03/20','DD/MM/RR'),'31','181.136.70.75','TBL_ACTIVIDAD');
Insert into BDS_ESCOM.TBL_BITACORA (PK_BTC_IDBITACORA,BTC_OPERACION,FK_BTC_IDUSUARIO,BTC_FECHABITACORA,FK_BTC_IDMODULO,BTC_IP,BTC_TABLAINVOLUCRADA) values ('206','Registrar actividad','8',to_date('06/03/20','DD/MM/RR'),'31','181.136.70.75','TBL_ACTIVIDAD');
Insert into BDS_ESCOM.TBL_BITACORA (PK_BTC_IDBITACORA,BTC_OPERACION,FK_BTC_IDUSUARIO,BTC_FECHABITACORA,FK_BTC_IDMODULO,BTC_IP,BTC_TABLAINVOLUCRADA) values ('207','Registrar actividad','8',to_date('06/03/20','DD/MM/RR'),'31','181.136.70.75','TBL_ACTIVIDAD');
Insert into BDS_ESCOM.TBL_BITACORA (PK_BTC_IDBITACORA,BTC_OPERACION,FK_BTC_IDUSUARIO,BTC_FECHABITACORA,FK_BTC_IDMODULO,BTC_IP,BTC_TABLAINVOLUCRADA) values ('208','Registrar actividad','8',to_date('06/03/20','DD/MM/RR'),'31','181.136.70.75','TBL_ACTIVIDAD');
Insert into BDS_ESCOM.TBL_BITACORA (PK_BTC_IDBITACORA,BTC_OPERACION,FK_BTC_IDUSUARIO,BTC_FECHABITACORA,FK_BTC_IDMODULO,BTC_IP,BTC_TABLAINVOLUCRADA) values ('209','Registrar actividad','8',to_date('06/03/20','DD/MM/RR'),'31','181.136.70.75','TBL_ACTIVIDAD');
Insert into BDS_ESCOM.TBL_BITACORA (PK_BTC_IDBITACORA,BTC_OPERACION,FK_BTC_IDUSUARIO,BTC_FECHABITACORA,FK_BTC_IDMODULO,BTC_IP,BTC_TABLAINVOLUCRADA) values ('210','Registrar actividad','8',to_date('06/03/20','DD/MM/RR'),'31','181.136.70.75','TBL_ACTIVIDAD');
Insert into BDS_ESCOM.TBL_BITACORA (PK_BTC_IDBITACORA,BTC_OPERACION,FK_BTC_IDUSUARIO,BTC_FECHABITACORA,FK_BTC_IDMODULO,BTC_IP,BTC_TABLAINVOLUCRADA) values ('211','Asignacion de actividades a los usuarios','8',to_date('06/03/20','DD/MM/RR'),'31','181.136.70.75','TBL_USUARIO');
Insert into BDS_ESCOM.TBL_BITACORA (PK_BTC_IDBITACORA,BTC_OPERACION,FK_BTC_IDUSUARIO,BTC_FECHABITACORA,FK_BTC_IDMODULO,BTC_IP,BTC_TABLAINVOLUCRADA) values ('212','Asignacion de actividades a los usuarios','8',to_date('06/03/20','DD/MM/RR'),'31','181.136.70.75','TBL_USUARIO');
Insert into BDS_ESCOM.TBL_BITACORA (PK_BTC_IDBITACORA,BTC_OPERACION,FK_BTC_IDUSUARIO,BTC_FECHABITACORA,FK_BTC_IDMODULO,BTC_IP,BTC_TABLAINVOLUCRADA) values ('213','Asignacion de actividades a los usuarios','8',to_date('06/03/20','DD/MM/RR'),'31','181.136.70.75','TBL_USUARIO');
Insert into BDS_ESCOM.TBL_BITACORA (PK_BTC_IDBITACORA,BTC_OPERACION,FK_BTC_IDUSUARIO,BTC_FECHABITACORA,FK_BTC_IDMODULO,BTC_IP,BTC_TABLAINVOLUCRADA) values ('214','Asignacion de actividades a los usuarios','8',to_date('06/03/20','DD/MM/RR'),'31','181.136.70.75','TBL_USUARIO');
Insert into BDS_ESCOM.TBL_BITACORA (PK_BTC_IDBITACORA,BTC_OPERACION,FK_BTC_IDUSUARIO,BTC_FECHABITACORA,FK_BTC_IDMODULO,BTC_IP,BTC_TABLAINVOLUCRADA) values ('215','Asignacion de actividades a los usuarios','8',to_date('06/03/20','DD/MM/RR'),'31','181.136.70.75','TBL_USUARIO');
Insert into BDS_ESCOM.TBL_BITACORA (PK_BTC_IDBITACORA,BTC_OPERACION,FK_BTC_IDUSUARIO,BTC_FECHABITACORA,FK_BTC_IDMODULO,BTC_IP,BTC_TABLAINVOLUCRADA) values ('216','Asignacion de actividades a los usuarios','8',to_date('06/03/20','DD/MM/RR'),'31','181.136.70.75','TBL_USUARIO');
Insert into BDS_ESCOM.TBL_BITACORA (PK_BTC_IDBITACORA,BTC_OPERACION,FK_BTC_IDUSUARIO,BTC_FECHABITACORA,FK_BTC_IDMODULO,BTC_IP,BTC_TABLAINVOLUCRADA) values ('217','Asignacion de actividades a los usuarios','8',to_date('06/03/20','DD/MM/RR'),'31','181.136.70.75','TBL_USUARIO');
Insert into BDS_ESCOM.TBL_BITACORA (PK_BTC_IDBITACORA,BTC_OPERACION,FK_BTC_IDUSUARIO,BTC_FECHABITACORA,FK_BTC_IDMODULO,BTC_IP,BTC_TABLAINVOLUCRADA) values ('218','Asignacion de actividades a los usuarios','8',to_date('06/03/20','DD/MM/RR'),'31','181.136.70.75','TBL_USUARIO');
Insert into BDS_ESCOM.TBL_BITACORA (PK_BTC_IDBITACORA,BTC_OPERACION,FK_BTC_IDUSUARIO,BTC_FECHABITACORA,FK_BTC_IDMODULO,BTC_IP,BTC_TABLAINVOLUCRADA) values ('219','Asignacion de actividades a los usuarios','8',to_date('06/03/20','DD/MM/RR'),'31','181.136.70.75','TBL_USUARIO');
Insert into BDS_ESCOM.TBL_BITACORA (PK_BTC_IDBITACORA,BTC_OPERACION,FK_BTC_IDUSUARIO,BTC_FECHABITACORA,FK_BTC_IDMODULO,BTC_IP,BTC_TABLAINVOLUCRADA) values ('220','Asignacion de actividades a los usuarios','8',to_date('06/03/20','DD/MM/RR'),'31','181.136.70.75','TBL_USUARIO');
Insert into BDS_ESCOM.TBL_BITACORA (PK_BTC_IDBITACORA,BTC_OPERACION,FK_BTC_IDUSUARIO,BTC_FECHABITACORA,FK_BTC_IDMODULO,BTC_IP,BTC_TABLAINVOLUCRADA) values ('221','Asignacion de actividades a los usuarios','8',to_date('06/03/20','DD/MM/RR'),'31','181.136.70.75','TBL_USUARIO');
Insert into BDS_ESCOM.TBL_BITACORA (PK_BTC_IDBITACORA,BTC_OPERACION,FK_BTC_IDUSUARIO,BTC_FECHABITACORA,FK_BTC_IDMODULO,BTC_IP,BTC_TABLAINVOLUCRADA) values ('222','Asignacion de actividades a los usuarios','8',to_date('06/03/20','DD/MM/RR'),'31','181.136.70.75','TBL_USUARIO');
Insert into BDS_ESCOM.TBL_BITACORA (PK_BTC_IDBITACORA,BTC_OPERACION,FK_BTC_IDUSUARIO,BTC_FECHABITACORA,FK_BTC_IDMODULO,BTC_IP,BTC_TABLAINVOLUCRADA) values ('223','Asignacion de actividades a los usuarios','8',to_date('06/03/20','DD/MM/RR'),'31','181.136.70.75','TBL_USUARIO');
Insert into BDS_ESCOM.TBL_BITACORA (PK_BTC_IDBITACORA,BTC_OPERACION,FK_BTC_IDUSUARIO,BTC_FECHABITACORA,FK_BTC_IDMODULO,BTC_IP,BTC_TABLAINVOLUCRADA) values ('224','Asignacion de actividades a los usuarios','8',to_date('06/03/20','DD/MM/RR'),'31','181.136.70.75','TBL_USUARIO');
Insert into BDS_ESCOM.TBL_BITACORA (PK_BTC_IDBITACORA,BTC_OPERACION,FK_BTC_IDUSUARIO,BTC_FECHABITACORA,FK_BTC_IDMODULO,BTC_IP,BTC_TABLAINVOLUCRADA) values ('225','Asignacion de actividades a los usuarios','8',to_date('06/03/20','DD/MM/RR'),'31','181.136.70.75','TBL_USUARIO');
Insert into BDS_ESCOM.TBL_BITACORA (PK_BTC_IDBITACORA,BTC_OPERACION,FK_BTC_IDUSUARIO,BTC_FECHABITACORA,FK_BTC_IDMODULO,BTC_IP,BTC_TABLAINVOLUCRADA) values ('226','Asignacion de actividades a los usuarios','8',to_date('06/03/20','DD/MM/RR'),'31','181.136.70.75','TBL_USUARIO');
Insert into BDS_ESCOM.TBL_BITACORA (PK_BTC_IDBITACORA,BTC_OPERACION,FK_BTC_IDUSUARIO,BTC_FECHABITACORA,FK_BTC_IDMODULO,BTC_IP,BTC_TABLAINVOLUCRADA) values ('227','Asignacion de actividades a los usuarios','8',to_date('06/03/20','DD/MM/RR'),'31','181.136.70.75','TBL_USUARIO');
Insert into BDS_ESCOM.TBL_BITACORA (PK_BTC_IDBITACORA,BTC_OPERACION,FK_BTC_IDUSUARIO,BTC_FECHABITACORA,FK_BTC_IDMODULO,BTC_IP,BTC_TABLAINVOLUCRADA) values ('228','Asignacion de actividades a los usuarios','8',to_date('06/03/20','DD/MM/RR'),'31','181.136.70.75','TBL_USUARIO');
Insert into BDS_ESCOM.TBL_BITACORA (PK_BTC_IDBITACORA,BTC_OPERACION,FK_BTC_IDUSUARIO,BTC_FECHABITACORA,FK_BTC_IDMODULO,BTC_IP,BTC_TABLAINVOLUCRADA) values ('229','Asignacion de actividades a los usuarios','8',to_date('06/03/20','DD/MM/RR'),'31','181.136.70.75','TBL_USUARIO');
Insert into BDS_ESCOM.TBL_BITACORA (PK_BTC_IDBITACORA,BTC_OPERACION,FK_BTC_IDUSUARIO,BTC_FECHABITACORA,FK_BTC_IDMODULO,BTC_IP,BTC_TABLAINVOLUCRADA) values ('230','Asignacion de actividades a los usuarios','8',to_date('06/03/20','DD/MM/RR'),'31','181.136.70.75','TBL_USUARIO');
Insert into BDS_ESCOM.TBL_BITACORA (PK_BTC_IDBITACORA,BTC_OPERACION,FK_BTC_IDUSUARIO,BTC_FECHABITACORA,FK_BTC_IDMODULO,BTC_IP,BTC_TABLAINVOLUCRADA) values ('231','Asignacion de actividades a los usuarios','8',to_date('06/03/20','DD/MM/RR'),'31','181.136.70.75','TBL_USUARIO');
Insert into BDS_ESCOM.TBL_BITACORA (PK_BTC_IDBITACORA,BTC_OPERACION,FK_BTC_IDUSUARIO,BTC_FECHABITACORA,FK_BTC_IDMODULO,BTC_IP,BTC_TABLAINVOLUCRADA) values ('232','Asignacion de actividades a los usuarios','8',to_date('06/03/20','DD/MM/RR'),'31','181.136.70.75','TBL_USUARIO');
Insert into BDS_ESCOM.TBL_BITACORA (PK_BTC_IDBITACORA,BTC_OPERACION,FK_BTC_IDUSUARIO,BTC_FECHABITACORA,FK_BTC_IDMODULO,BTC_IP,BTC_TABLAINVOLUCRADA) values ('233','Asignacion de actividades a los usuarios','8',to_date('06/03/20','DD/MM/RR'),'31','181.136.70.75','TBL_USUARIO');
Insert into BDS_ESCOM.TBL_BITACORA (PK_BTC_IDBITACORA,BTC_OPERACION,FK_BTC_IDUSUARIO,BTC_FECHABITACORA,FK_BTC_IDMODULO,BTC_IP,BTC_TABLAINVOLUCRADA) values ('234','Asignacion de actividades a los usuarios','8',to_date('06/03/20','DD/MM/RR'),'31','181.136.70.75','TBL_USUARIO');
Insert into BDS_ESCOM.TBL_BITACORA (PK_BTC_IDBITACORA,BTC_OPERACION,FK_BTC_IDUSUARIO,BTC_FECHABITACORA,FK_BTC_IDMODULO,BTC_IP,BTC_TABLAINVOLUCRADA) values ('235','Asignacion de actividades a los usuarios','8',to_date('06/03/20','DD/MM/RR'),'31','181.136.70.75','TBL_USUARIO');
Insert into BDS_ESCOM.TBL_BITACORA (PK_BTC_IDBITACORA,BTC_OPERACION,FK_BTC_IDUSUARIO,BTC_FECHABITACORA,FK_BTC_IDMODULO,BTC_IP,BTC_TABLAINVOLUCRADA) values ('236','Asignacion de actividades a los usuarios','8',to_date('06/03/20','DD/MM/RR'),'31','181.136.70.75','TBL_USUARIO');
Insert into BDS_ESCOM.TBL_BITACORA (PK_BTC_IDBITACORA,BTC_OPERACION,FK_BTC_IDUSUARIO,BTC_FECHABITACORA,FK_BTC_IDMODULO,BTC_IP,BTC_TABLAINVOLUCRADA) values ('237','Asignacion de actividades a los usuarios','8',to_date('06/03/20','DD/MM/RR'),'31','181.136.70.75','TBL_USUARIO');
Insert into BDS_ESCOM.TBL_BITACORA (PK_BTC_IDBITACORA,BTC_OPERACION,FK_BTC_IDUSUARIO,BTC_FECHABITACORA,FK_BTC_IDMODULO,BTC_IP,BTC_TABLAINVOLUCRADA) values ('238','Asignacion de actividades a los usuarios','8',to_date('06/03/20','DD/MM/RR'),'31','181.136.70.75','TBL_USUARIO');
Insert into BDS_ESCOM.TBL_BITACORA (PK_BTC_IDBITACORA,BTC_OPERACION,FK_BTC_IDUSUARIO,BTC_FECHABITACORA,FK_BTC_IDMODULO,BTC_IP,BTC_TABLAINVOLUCRADA) values ('239','Asignacion de actividades a los usuarios','8',to_date('06/03/20','DD/MM/RR'),'31','181.136.70.75','TBL_USUARIO');
Insert into BDS_ESCOM.TBL_BITACORA (PK_BTC_IDBITACORA,BTC_OPERACION,FK_BTC_IDUSUARIO,BTC_FECHABITACORA,FK_BTC_IDMODULO,BTC_IP,BTC_TABLAINVOLUCRADA) values ('240','Asignacion de actividades a los usuarios','8',to_date('06/03/20','DD/MM/RR'),'31','181.136.70.75','TBL_USUARIO');
Insert into BDS_ESCOM.TBL_BITACORA (PK_BTC_IDBITACORA,BTC_OPERACION,FK_BTC_IDUSUARIO,BTC_FECHABITACORA,FK_BTC_IDMODULO,BTC_IP,BTC_TABLAINVOLUCRADA) values ('241','Asignacion de actividades a los usuarios','8',to_date('06/03/20','DD/MM/RR'),'31','181.136.70.75','TBL_USUARIO');
Insert into BDS_ESCOM.TBL_BITACORA (PK_BTC_IDBITACORA,BTC_OPERACION,FK_BTC_IDUSUARIO,BTC_FECHABITACORA,FK_BTC_IDMODULO,BTC_IP,BTC_TABLAINVOLUCRADA) values ('242','Asignacion de actividades a los usuarios','8',to_date('06/03/20','DD/MM/RR'),'31','181.136.70.75','TBL_USUARIO');
Insert into BDS_ESCOM.TBL_BITACORA (PK_BTC_IDBITACORA,BTC_OPERACION,FK_BTC_IDUSUARIO,BTC_FECHABITACORA,FK_BTC_IDMODULO,BTC_IP,BTC_TABLAINVOLUCRADA) values ('243','Asignacion de actividades a los usuarios','8',to_date('06/03/20','DD/MM/RR'),'31','181.136.70.75','TBL_USUARIO');
Insert into BDS_ESCOM.TBL_BITACORA (PK_BTC_IDBITACORA,BTC_OPERACION,FK_BTC_IDUSUARIO,BTC_FECHABITACORA,FK_BTC_IDMODULO,BTC_IP,BTC_TABLAINVOLUCRADA) values ('244','Asignacion de actividades a los usuarios','8',to_date('06/03/20','DD/MM/RR'),'31','181.136.70.75','TBL_USUARIO');
Insert into BDS_ESCOM.TBL_BITACORA (PK_BTC_IDBITACORA,BTC_OPERACION,FK_BTC_IDUSUARIO,BTC_FECHABITACORA,FK_BTC_IDMODULO,BTC_IP,BTC_TABLAINVOLUCRADA) values ('245','Asignacion de actividades a los usuarios','8',to_date('06/03/20','DD/MM/RR'),'31','181.136.70.75','TBL_USUARIO');
Insert into BDS_ESCOM.TBL_BITACORA (PK_BTC_IDBITACORA,BTC_OPERACION,FK_BTC_IDUSUARIO,BTC_FECHABITACORA,FK_BTC_IDMODULO,BTC_IP,BTC_TABLAINVOLUCRADA) values ('246','Asignacion de actividades a los usuarios','8',to_date('06/03/20','DD/MM/RR'),'31','181.136.70.75','TBL_USUARIO');
Insert into BDS_ESCOM.TBL_BITACORA (PK_BTC_IDBITACORA,BTC_OPERACION,FK_BTC_IDUSUARIO,BTC_FECHABITACORA,FK_BTC_IDMODULO,BTC_IP,BTC_TABLAINVOLUCRADA) values ('247','Asignacion de actividades a los usuarios','8',to_date('06/03/20','DD/MM/RR'),'31','181.136.70.75','TBL_USUARIO');
Insert into BDS_ESCOM.TBL_BITACORA (PK_BTC_IDBITACORA,BTC_OPERACION,FK_BTC_IDUSUARIO,BTC_FECHABITACORA,FK_BTC_IDMODULO,BTC_IP,BTC_TABLAINVOLUCRADA) values ('248','Asignacion de actividades a los usuarios','8',to_date('06/03/20','DD/MM/RR'),'31','181.136.70.75','TBL_USUARIO');
Insert into BDS_ESCOM.TBL_BITACORA (PK_BTC_IDBITACORA,BTC_OPERACION,FK_BTC_IDUSUARIO,BTC_FECHABITACORA,FK_BTC_IDMODULO,BTC_IP,BTC_TABLAINVOLUCRADA) values ('249','Asignacion de actividades a los usuarios','8',to_date('06/03/20','DD/MM/RR'),'31','181.136.70.75','TBL_USUARIO');
Insert into BDS_ESCOM.TBL_BITACORA (PK_BTC_IDBITACORA,BTC_OPERACION,FK_BTC_IDUSUARIO,BTC_FECHABITACORA,FK_BTC_IDMODULO,BTC_IP,BTC_TABLAINVOLUCRADA) values ('250','Asignacion de actividades a los usuarios','8',to_date('06/03/20','DD/MM/RR'),'31','181.136.70.75','TBL_USUARIO');
Insert into BDS_ESCOM.TBL_BITACORA (PK_BTC_IDBITACORA,BTC_OPERACION,FK_BTC_IDUSUARIO,BTC_FECHABITACORA,FK_BTC_IDMODULO,BTC_IP,BTC_TABLAINVOLUCRADA) values ('251','Asignacion de actividades a los usuarios','8',to_date('06/03/20','DD/MM/RR'),'31','181.136.70.75','TBL_USUARIO');
Insert into BDS_ESCOM.TBL_BITACORA (PK_BTC_IDBITACORA,BTC_OPERACION,FK_BTC_IDUSUARIO,BTC_FECHABITACORA,FK_BTC_IDMODULO,BTC_IP,BTC_TABLAINVOLUCRADA) values ('252','Asignacion de actividades a los usuarios','8',to_date('06/03/20','DD/MM/RR'),'31','181.136.70.75','TBL_USUARIO');
Insert into BDS_ESCOM.TBL_BITACORA (PK_BTC_IDBITACORA,BTC_OPERACION,FK_BTC_IDUSUARIO,BTC_FECHABITACORA,FK_BTC_IDMODULO,BTC_IP,BTC_TABLAINVOLUCRADA) values ('253','Asignacion de actividades a los usuarios','8',to_date('06/03/20','DD/MM/RR'),'31','181.136.70.75','TBL_USUARIO');
Insert into BDS_ESCOM.TBL_BITACORA (PK_BTC_IDBITACORA,BTC_OPERACION,FK_BTC_IDUSUARIO,BTC_FECHABITACORA,FK_BTC_IDMODULO,BTC_IP,BTC_TABLAINVOLUCRADA) values ('254','Asignacion de actividades a los usuarios','8',to_date('06/03/20','DD/MM/RR'),'31','181.136.70.75','TBL_USUARIO');
Insert into BDS_ESCOM.TBL_BITACORA (PK_BTC_IDBITACORA,BTC_OPERACION,FK_BTC_IDUSUARIO,BTC_FECHABITACORA,FK_BTC_IDMODULO,BTC_IP,BTC_TABLAINVOLUCRADA) values ('146','Editar informacion de los modulos','8',to_date('06/03/20','DD/MM/RR'),'31','186.86.33.18','TBL_MODULO');
Insert into BDS_ESCOM.TBL_BITACORA (PK_BTC_IDBITACORA,BTC_OPERACION,FK_BTC_IDUSUARIO,BTC_FECHABITACORA,FK_BTC_IDMODULO,BTC_IP,BTC_TABLAINVOLUCRADA) values ('147','Editar informacion de los modulos','8',to_date('06/03/20','DD/MM/RR'),'31','186.86.33.18','TBL_MODULO');
Insert into BDS_ESCOM.TBL_BITACORA (PK_BTC_IDBITACORA,BTC_OPERACION,FK_BTC_IDUSUARIO,BTC_FECHABITACORA,FK_BTC_IDMODULO,BTC_IP,BTC_TABLAINVOLUCRADA) values ('127','Editar informacion de los usuarios','8',to_date('03/03/20','DD/MM/RR'),'31','186.86.33.18','TBL_USUARIO');
Insert into BDS_ESCOM.TBL_BITACORA (PK_BTC_IDBITACORA,BTC_OPERACION,FK_BTC_IDUSUARIO,BTC_FECHABITACORA,FK_BTC_IDMODULO,BTC_IP,BTC_TABLAINVOLUCRADA) values ('128','Suspender/activar usuarios','8',to_date('03/03/20','DD/MM/RR'),'31','186.86.33.18','TBL_USUARIO');
Insert into BDS_ESCOM.TBL_BITACORA (PK_BTC_IDBITACORA,BTC_OPERACION,FK_BTC_IDUSUARIO,BTC_FECHABITACORA,FK_BTC_IDMODULO,BTC_IP,BTC_TABLAINVOLUCRADA) values ('130','Registrar usuarios','8',to_date('04/03/20','DD/MM/RR'),'31','186.86.33.18','TBL_USUARIO');
Insert into BDS_ESCOM.TBL_BITACORA (PK_BTC_IDBITACORA,BTC_OPERACION,FK_BTC_IDUSUARIO,BTC_FECHABITACORA,FK_BTC_IDMODULO,BTC_IP,BTC_TABLAINVOLUCRADA) values ('131','Suspender/activar usuarios','8',to_date('04/03/20','DD/MM/RR'),'31','186.86.33.18','TBL_USUARIO');
Insert into BDS_ESCOM.TBL_BITACORA (PK_BTC_IDBITACORA,BTC_OPERACION,FK_BTC_IDUSUARIO,BTC_FECHABITACORA,FK_BTC_IDMODULO,BTC_IP,BTC_TABLAINVOLUCRADA) values ('132','Asignacion de actividades a los usuarios','8',to_date('04/03/20','DD/MM/RR'),'31','186.86.33.18','TBL_USUARIO');
Insert into BDS_ESCOM.TBL_BITACORA (PK_BTC_IDBITACORA,BTC_OPERACION,FK_BTC_IDUSUARIO,BTC_FECHABITACORA,FK_BTC_IDMODULO,BTC_IP,BTC_TABLAINVOLUCRADA) values ('133','Asignacion de actividades a los usuarios','8',to_date('04/03/20','DD/MM/RR'),'31','186.86.33.18','TBL_USUARIO');
Insert into BDS_ESCOM.TBL_BITACORA (PK_BTC_IDBITACORA,BTC_OPERACION,FK_BTC_IDUSUARIO,BTC_FECHABITACORA,FK_BTC_IDMODULO,BTC_IP,BTC_TABLAINVOLUCRADA) values ('134','Asignacion de actividades a los usuarios','8',to_date('04/03/20','DD/MM/RR'),'31','186.86.33.18','TBL_USUARIO');
Insert into BDS_ESCOM.TBL_BITACORA (PK_BTC_IDBITACORA,BTC_OPERACION,FK_BTC_IDUSUARIO,BTC_FECHABITACORA,FK_BTC_IDMODULO,BTC_IP,BTC_TABLAINVOLUCRADA) values ('126','Registrar usuarios','8',to_date('03/03/20','DD/MM/RR'),'31','186.86.33.18','TBL_USUARIO');
Insert into BDS_ESCOM.TBL_BITACORA (PK_BTC_IDBITACORA,BTC_OPERACION,FK_BTC_IDUSUARIO,BTC_FECHABITACORA,FK_BTC_IDMODULO,BTC_IP,BTC_TABLAINVOLUCRADA) values ('129','Editar informacion de los usuarios','8',to_date('04/03/20','DD/MM/RR'),'31','186.86.33.18','TBL_USUARIO');
Insert into BDS_ESCOM.TBL_BITACORA (PK_BTC_IDBITACORA,BTC_OPERACION,FK_BTC_IDUSUARIO,BTC_FECHABITACORA,FK_BTC_IDMODULO,BTC_IP,BTC_TABLAINVOLUCRADA) values ('135','Asignacion de actividades a los usuarios','8',to_date('04/03/20','DD/MM/RR'),'31','186.86.33.18','TBL_USUARIO');
Insert into BDS_ESCOM.TBL_BITACORA (PK_BTC_IDBITACORA,BTC_OPERACION,FK_BTC_IDUSUARIO,BTC_FECHABITACORA,FK_BTC_IDMODULO,BTC_IP,BTC_TABLAINVOLUCRADA) values ('144','Administrar configuracion de aspecto','8',to_date('05/03/20','DD/MM/RR'),'31','186.86.33.18','TBL_CONFIGURACION');
Insert into BDS_ESCOM.TBL_BITACORA (PK_BTC_IDBITACORA,BTC_OPERACION,FK_BTC_IDUSUARIO,BTC_FECHABITACORA,FK_BTC_IDMODULO,BTC_IP,BTC_TABLAINVOLUCRADA) values ('145','Administrar configuracion de aspecto','8',to_date('05/03/20','DD/MM/RR'),'31','186.86.33.18','TBL_CONFIGURACION');
Insert into BDS_ESCOM.TBL_BITACORA (PK_BTC_IDBITACORA,BTC_OPERACION,FK_BTC_IDUSUARIO,BTC_FECHABITACORA,FK_BTC_IDMODULO,BTC_IP,BTC_TABLAINVOLUCRADA) values ('142','Suspender/activar modulos','8',to_date('04/03/20','DD/MM/RR'),'31','186.86.33.18','TBL_MODULO');
Insert into BDS_ESCOM.TBL_BITACORA (PK_BTC_IDBITACORA,BTC_OPERACION,FK_BTC_IDUSUARIO,BTC_FECHABITACORA,FK_BTC_IDMODULO,BTC_IP,BTC_TABLAINVOLUCRADA) values ('143','Suspender/activar actividades de modulos','8',to_date('04/03/20','DD/MM/RR'),'31','186.86.33.18','TBL_MODULO');
Insert into BDS_ESCOM.TBL_BITACORA (PK_BTC_IDBITACORA,BTC_OPERACION,FK_BTC_IDUSUARIO,BTC_FECHABITACORA,FK_BTC_IDMODULO,BTC_IP,BTC_TABLAINVOLUCRADA) values ('140','Registrar modulos','8',to_date('04/03/20','DD/MM/RR'),'31','186.86.33.18','TBL_MODULO');
Insert into BDS_ESCOM.TBL_BITACORA (PK_BTC_IDBITACORA,BTC_OPERACION,FK_BTC_IDUSUARIO,BTC_FECHABITACORA,FK_BTC_IDMODULO,BTC_IP,BTC_TABLAINVOLUCRADA) values ('141','Editar informacion de los modulos','8',to_date('04/03/20','DD/MM/RR'),'31','186.86.33.18','TBL_MODULO');
Insert into BDS_ESCOM.TBL_BITACORA (PK_BTC_IDBITACORA,BTC_OPERACION,FK_BTC_IDUSUARIO,BTC_FECHABITACORA,FK_BTC_IDMODULO,BTC_IP,BTC_TABLAINVOLUCRADA) values ('136','Editar informacion de los usuarios','8',to_date('04/03/20','DD/MM/RR'),'31','186.86.33.18','TBL_USUARIO');
Insert into BDS_ESCOM.TBL_BITACORA (PK_BTC_IDBITACORA,BTC_OPERACION,FK_BTC_IDUSUARIO,BTC_FECHABITACORA,FK_BTC_IDMODULO,BTC_IP,BTC_TABLAINVOLUCRADA) values ('137','Suspender/activar usuarios','8',to_date('04/03/20','DD/MM/RR'),'31','186.86.33.18','TBL_USUARIO');
Insert into BDS_ESCOM.TBL_BITACORA (PK_BTC_IDBITACORA,BTC_OPERACION,FK_BTC_IDUSUARIO,BTC_FECHABITACORA,FK_BTC_IDMODULO,BTC_IP,BTC_TABLAINVOLUCRADA) values ('138','Asignacion de actividades a los usuarios','8',to_date('04/03/20','DD/MM/RR'),'31','186.86.33.18','TBL_USUARIO');
Insert into BDS_ESCOM.TBL_BITACORA (PK_BTC_IDBITACORA,BTC_OPERACION,FK_BTC_IDUSUARIO,BTC_FECHABITACORA,FK_BTC_IDMODULO,BTC_IP,BTC_TABLAINVOLUCRADA) values ('139','Asignacion de actividades a los usuarios','8',to_date('04/03/20','DD/MM/RR'),'31','186.86.33.18','TBL_USUARIO');
REM INSERTING into BDS_ESCOM.TBL_CONFIGURACION
SET DEFINE OFF;
Insert into BDS_ESCOM.TBL_CONFIGURACION (PK_CONF_IDCONFIGURACION,CONF_BARRASUPERIOR,CONF_BARRALATERAL,CONF_BOTONES) values ('22','#ffffff','#131313','#0af783');
REM INSERTING into BDS_ESCOM.TBL_MODULO
SET DEFINE OFF;
Insert into BDS_ESCOM.TBL_MODULO (PK_MOD_IDMODULO,MOD_ULTIMAMODIFICACION,MOD_ESTADO,MOD_ACRONIMO,MOD_DESCRIPCIONMODULO,MOD_NOMBREMODULO,MOD_URL) values ('47',to_date('23/02/20','DD/MM/RR'),'Activo','MD','Modulo encargado de armar el documento maestro','Modulo Documental','/inicioDocumental');
Insert into BDS_ESCOM.TBL_MODULO (PK_MOD_IDMODULO,MOD_ULTIMAMODIFICACION,MOD_ESTADO,MOD_ACRONIMO,MOD_DESCRIPCIONMODULO,MOD_NOMBREMODULO,MOD_URL) values ('31',null,'Activo','SA','modulo encargado de la seguridad y acceso a usuarios','Super Administrador','/AdminUsuario');
REM INSERTING into BDS_ESCOM.TBL_TIPODOCUMENTO
SET DEFINE OFF;
Insert into BDS_ESCOM.TBL_TIPODOCUMENTO (PK_TIP_IDTIPODOCUMENTO,TIP_TIPODOCUMENTO,TIP_ULTIMAMODIFICACION) values ('1','Cedula',to_date('12/12/00','DD/MM/RR'));
Insert into BDS_ESCOM.TBL_TIPODOCUMENTO (PK_TIP_IDTIPODOCUMENTO,TIP_TIPODOCUMENTO,TIP_ULTIMAMODIFICACION) values ('2','Tarjeta de identidad',null);
Insert into BDS_ESCOM.TBL_TIPODOCUMENTO (PK_TIP_IDTIPODOCUMENTO,TIP_TIPODOCUMENTO,TIP_ULTIMAMODIFICACION) values ('22','Pasaporte',null);
Insert into BDS_ESCOM.TBL_TIPODOCUMENTO (PK_TIP_IDTIPODOCUMENTO,TIP_TIPODOCUMENTO,TIP_ULTIMAMODIFICACION) values ('23','Cedula Extranjera',null);
REM INSERTING into BDS_ESCOM.TBL_USUARIO
SET DEFINE OFF;
Insert into BDS_ESCOM.TBL_USUARIO (PK_USR_IDUSUARIO,USR_TOKEN,USR_NUMERODOCUMENTO,USR_ESTADO,USR_FECHANACIMIENTO,USR_NUMEROINTENTOS,USR_ULTIMAMODIFICACION,USR_CORREOELECTRONICO,FK_USR_IDTIPODOCUMENTO,USR_CONTRASENA,USR_NOMBRE,USR_APELLIDO) values ('223','ZbrOXQ7uka0A0NU4Zzu-aYV0o7ZssjwQ4YRvh8gaRQ4','123456','Activo',to_date('03/04/00','DD/MM/RR'),'0',to_date('06/03/20','DD/MM/RR'),'cristian@gmail.com','1','717b48e1cdbc5a48b532f8f71fa881b09df643e2a1c0e6faeff92fb9a4ee7d636ee9afd1c060b3c5299a91356922b7dc85793698a5e3b5087d99e16974a3913f4c5acca80f64f46e1e366f3286c','Cristian','Estevez');
Insert into BDS_ESCOM.TBL_USUARIO (PK_USR_IDUSUARIO,USR_TOKEN,USR_NUMERODOCUMENTO,USR_ESTADO,USR_FECHANACIMIENTO,USR_NUMEROINTENTOS,USR_ULTIMAMODIFICACION,USR_CORREOELECTRONICO,FK_USR_IDTIPODOCUMENTO,USR_CONTRASENA,USR_NOMBRE,USR_APELLIDO) values ('187','MbnV7IwYDVlwHU-CPZ5m7dGA9vmFmidWwwkEOuWBwKM','123422','Activo',to_date('02/10/97','DD/MM/RR'),'0',to_date('25/02/20','DD/MM/RR'),'aleja@correo.com','1','5fcadd8a94f93dc8fca0f0413d9c4445684e8a2c16e9a3a77ca41e696daab8134823f5ded83caf513535a9c63daac6eb4a3f4ec62167c1661854166da4e3f3e3913f4c5acca80f64f46e1e366f3286c','Alejandra','Pabon Rodriguez');
Insert into BDS_ESCOM.TBL_USUARIO (PK_USR_IDUSUARIO,USR_TOKEN,USR_NUMERODOCUMENTO,USR_ESTADO,USR_FECHANACIMIENTO,USR_NUMEROINTENTOS,USR_ULTIMAMODIFICACION,USR_CORREOELECTRONICO,FK_USR_IDTIPODOCUMENTO,USR_CONTRASENA,USR_NOMBRE,USR_APELLIDO) values ('8',' ','1073175128','Activo',to_date('16/12/97','DD/MM/RR'),'0',null,'jeisongaona@hotmail.com','1','1ef22cb6f113fa0ea7bcfb61c15bbc2c177a5d09464d3edf7d5251f2ac28bfe6c317e6a1df862bd5e4783e09d43714d9579a638ce3f9aceb8f7ee7e663abd03913f4c5acca80f64f46e1e366f3286c','Jeison Ferney','Gaona Arevalo');
REM INSERTING into BDS_ESCOM.TBL_USUARIOACTIVIDAD
SET DEFINE OFF;
Insert into BDS_ESCOM.TBL_USUARIOACTIVIDAD (PK_UAC_IDRELACION,FK_UAC_IDACTIVIDAD,FK_UAC_IDUSUARIO,UAC_ULTIMAMODIFICACION) values ('263','143','223',to_date('06/03/20','DD/MM/RR'));
Insert into BDS_ESCOM.TBL_USUARIOACTIVIDAD (PK_UAC_IDRELACION,FK_UAC_IDACTIVIDAD,FK_UAC_IDUSUARIO,UAC_ULTIMAMODIFICACION) values ('264','144','223',to_date('06/03/20','DD/MM/RR'));
Insert into BDS_ESCOM.TBL_USUARIOACTIVIDAD (PK_UAC_IDRELACION,FK_UAC_IDACTIVIDAD,FK_UAC_IDUSUARIO,UAC_ULTIMAMODIFICACION) values ('265','145','223',to_date('06/03/20','DD/MM/RR'));
Insert into BDS_ESCOM.TBL_USUARIOACTIVIDAD (PK_UAC_IDRELACION,FK_UAC_IDACTIVIDAD,FK_UAC_IDUSUARIO,UAC_ULTIMAMODIFICACION) values ('266','146','223',to_date('06/03/20','DD/MM/RR'));
Insert into BDS_ESCOM.TBL_USUARIOACTIVIDAD (PK_UAC_IDRELACION,FK_UAC_IDACTIVIDAD,FK_UAC_IDUSUARIO,UAC_ULTIMAMODIFICACION) values ('267','147','223',to_date('06/03/20','DD/MM/RR'));
Insert into BDS_ESCOM.TBL_USUARIOACTIVIDAD (PK_UAC_IDRELACION,FK_UAC_IDACTIVIDAD,FK_UAC_IDUSUARIO,UAC_ULTIMAMODIFICACION) values ('268','148','223',to_date('06/03/20','DD/MM/RR'));
Insert into BDS_ESCOM.TBL_USUARIOACTIVIDAD (PK_UAC_IDRELACION,FK_UAC_IDACTIVIDAD,FK_UAC_IDUSUARIO,UAC_ULTIMAMODIFICACION) values ('269','149','223',to_date('06/03/20','DD/MM/RR'));
Insert into BDS_ESCOM.TBL_USUARIOACTIVIDAD (PK_UAC_IDRELACION,FK_UAC_IDACTIVIDAD,FK_UAC_IDUSUARIO,UAC_ULTIMAMODIFICACION) values ('270','150','223',to_date('06/03/20','DD/MM/RR'));
Insert into BDS_ESCOM.TBL_USUARIOACTIVIDAD (PK_UAC_IDRELACION,FK_UAC_IDACTIVIDAD,FK_UAC_IDUSUARIO,UAC_ULTIMAMODIFICACION) values ('271','151','223',to_date('06/03/20','DD/MM/RR'));
Insert into BDS_ESCOM.TBL_USUARIOACTIVIDAD (PK_UAC_IDRELACION,FK_UAC_IDACTIVIDAD,FK_UAC_IDUSUARIO,UAC_ULTIMAMODIFICACION) values ('272','152','223',to_date('06/03/20','DD/MM/RR'));
Insert into BDS_ESCOM.TBL_USUARIOACTIVIDAD (PK_UAC_IDRELACION,FK_UAC_IDACTIVIDAD,FK_UAC_IDUSUARIO,UAC_ULTIMAMODIFICACION) values ('273','153','223',to_date('06/03/20','DD/MM/RR'));
Insert into BDS_ESCOM.TBL_USUARIOACTIVIDAD (PK_UAC_IDRELACION,FK_UAC_IDACTIVIDAD,FK_UAC_IDUSUARIO,UAC_ULTIMAMODIFICACION) values ('274','154','223',to_date('06/03/20','DD/MM/RR'));
Insert into BDS_ESCOM.TBL_USUARIOACTIVIDAD (PK_UAC_IDRELACION,FK_UAC_IDACTIVIDAD,FK_UAC_IDUSUARIO,UAC_ULTIMAMODIFICACION) values ('275','155','223',to_date('06/03/20','DD/MM/RR'));
Insert into BDS_ESCOM.TBL_USUARIOACTIVIDAD (PK_UAC_IDRELACION,FK_UAC_IDACTIVIDAD,FK_UAC_IDUSUARIO,UAC_ULTIMAMODIFICACION) values ('276','156','223',to_date('06/03/20','DD/MM/RR'));
Insert into BDS_ESCOM.TBL_USUARIOACTIVIDAD (PK_UAC_IDRELACION,FK_UAC_IDACTIVIDAD,FK_UAC_IDUSUARIO,UAC_ULTIMAMODIFICACION) values ('277','157','223',to_date('06/03/20','DD/MM/RR'));
Insert into BDS_ESCOM.TBL_USUARIOACTIVIDAD (PK_UAC_IDRELACION,FK_UAC_IDACTIVIDAD,FK_UAC_IDUSUARIO,UAC_ULTIMAMODIFICACION) values ('278','158','223',to_date('06/03/20','DD/MM/RR'));
Insert into BDS_ESCOM.TBL_USUARIOACTIVIDAD (PK_UAC_IDRELACION,FK_UAC_IDACTIVIDAD,FK_UAC_IDUSUARIO,UAC_ULTIMAMODIFICACION) values ('279','159','223',to_date('06/03/20','DD/MM/RR'));
Insert into BDS_ESCOM.TBL_USUARIOACTIVIDAD (PK_UAC_IDRELACION,FK_UAC_IDACTIVIDAD,FK_UAC_IDUSUARIO,UAC_ULTIMAMODIFICACION) values ('280','160','223',to_date('06/03/20','DD/MM/RR'));
Insert into BDS_ESCOM.TBL_USUARIOACTIVIDAD (PK_UAC_IDRELACION,FK_UAC_IDACTIVIDAD,FK_UAC_IDUSUARIO,UAC_ULTIMAMODIFICACION) values ('281','161','223',to_date('06/03/20','DD/MM/RR'));
Insert into BDS_ESCOM.TBL_USUARIOACTIVIDAD (PK_UAC_IDRELACION,FK_UAC_IDACTIVIDAD,FK_UAC_IDUSUARIO,UAC_ULTIMAMODIFICACION) values ('282','162','223',to_date('06/03/20','DD/MM/RR'));
Insert into BDS_ESCOM.TBL_USUARIOACTIVIDAD (PK_UAC_IDRELACION,FK_UAC_IDACTIVIDAD,FK_UAC_IDUSUARIO,UAC_ULTIMAMODIFICACION) values ('283','163','223',to_date('06/03/20','DD/MM/RR'));
Insert into BDS_ESCOM.TBL_USUARIOACTIVIDAD (PK_UAC_IDRELACION,FK_UAC_IDACTIVIDAD,FK_UAC_IDUSUARIO,UAC_ULTIMAMODIFICACION) values ('284','164','223',to_date('06/03/20','DD/MM/RR'));
Insert into BDS_ESCOM.TBL_USUARIOACTIVIDAD (PK_UAC_IDRELACION,FK_UAC_IDACTIVIDAD,FK_UAC_IDUSUARIO,UAC_ULTIMAMODIFICACION) values ('285','165','223',to_date('06/03/20','DD/MM/RR'));
Insert into BDS_ESCOM.TBL_USUARIOACTIVIDAD (PK_UAC_IDRELACION,FK_UAC_IDACTIVIDAD,FK_UAC_IDUSUARIO,UAC_ULTIMAMODIFICACION) values ('286','166','223',to_date('06/03/20','DD/MM/RR'));
Insert into BDS_ESCOM.TBL_USUARIOACTIVIDAD (PK_UAC_IDRELACION,FK_UAC_IDACTIVIDAD,FK_UAC_IDUSUARIO,UAC_ULTIMAMODIFICACION) values ('287','167','223',to_date('06/03/20','DD/MM/RR'));
Insert into BDS_ESCOM.TBL_USUARIOACTIVIDAD (PK_UAC_IDRELACION,FK_UAC_IDACTIVIDAD,FK_UAC_IDUSUARIO,UAC_ULTIMAMODIFICACION) values ('288','168','223',to_date('06/03/20','DD/MM/RR'));
Insert into BDS_ESCOM.TBL_USUARIOACTIVIDAD (PK_UAC_IDRELACION,FK_UAC_IDACTIVIDAD,FK_UAC_IDUSUARIO,UAC_ULTIMAMODIFICACION) values ('289','169','223',to_date('06/03/20','DD/MM/RR'));
Insert into BDS_ESCOM.TBL_USUARIOACTIVIDAD (PK_UAC_IDRELACION,FK_UAC_IDACTIVIDAD,FK_UAC_IDUSUARIO,UAC_ULTIMAMODIFICACION) values ('290','170','223',to_date('06/03/20','DD/MM/RR'));
Insert into BDS_ESCOM.TBL_USUARIOACTIVIDAD (PK_UAC_IDRELACION,FK_UAC_IDACTIVIDAD,FK_UAC_IDUSUARIO,UAC_ULTIMAMODIFICACION) values ('291','171','223',to_date('06/03/20','DD/MM/RR'));
Insert into BDS_ESCOM.TBL_USUARIOACTIVIDAD (PK_UAC_IDRELACION,FK_UAC_IDACTIVIDAD,FK_UAC_IDUSUARIO,UAC_ULTIMAMODIFICACION) values ('292','172','223',to_date('06/03/20','DD/MM/RR'));
Insert into BDS_ESCOM.TBL_USUARIOACTIVIDAD (PK_UAC_IDRELACION,FK_UAC_IDACTIVIDAD,FK_UAC_IDUSUARIO,UAC_ULTIMAMODIFICACION) values ('293','173','223',to_date('06/03/20','DD/MM/RR'));
Insert into BDS_ESCOM.TBL_USUARIOACTIVIDAD (PK_UAC_IDRELACION,FK_UAC_IDACTIVIDAD,FK_UAC_IDUSUARIO,UAC_ULTIMAMODIFICACION) values ('294','174','223',to_date('06/03/20','DD/MM/RR'));
Insert into BDS_ESCOM.TBL_USUARIOACTIVIDAD (PK_UAC_IDRELACION,FK_UAC_IDACTIVIDAD,FK_UAC_IDUSUARIO,UAC_ULTIMAMODIFICACION) values ('295','175','223',to_date('06/03/20','DD/MM/RR'));
Insert into BDS_ESCOM.TBL_USUARIOACTIVIDAD (PK_UAC_IDRELACION,FK_UAC_IDACTIVIDAD,FK_UAC_IDUSUARIO,UAC_ULTIMAMODIFICACION) values ('296','176','223',to_date('06/03/20','DD/MM/RR'));
Insert into BDS_ESCOM.TBL_USUARIOACTIVIDAD (PK_UAC_IDRELACION,FK_UAC_IDACTIVIDAD,FK_UAC_IDUSUARIO,UAC_ULTIMAMODIFICACION) values ('297','177','223',to_date('06/03/20','DD/MM/RR'));
Insert into BDS_ESCOM.TBL_USUARIOACTIVIDAD (PK_UAC_IDRELACION,FK_UAC_IDACTIVIDAD,FK_UAC_IDUSUARIO,UAC_ULTIMAMODIFICACION) values ('298','178','223',to_date('06/03/20','DD/MM/RR'));
Insert into BDS_ESCOM.TBL_USUARIOACTIVIDAD (PK_UAC_IDRELACION,FK_UAC_IDACTIVIDAD,FK_UAC_IDUSUARIO,UAC_ULTIMAMODIFICACION) values ('299','179','223',to_date('06/03/20','DD/MM/RR'));
Insert into BDS_ESCOM.TBL_USUARIOACTIVIDAD (PK_UAC_IDRELACION,FK_UAC_IDACTIVIDAD,FK_UAC_IDUSUARIO,UAC_ULTIMAMODIFICACION) values ('300','180','223',to_date('06/03/20','DD/MM/RR'));
Insert into BDS_ESCOM.TBL_USUARIOACTIVIDAD (PK_UAC_IDRELACION,FK_UAC_IDACTIVIDAD,FK_UAC_IDUSUARIO,UAC_ULTIMAMODIFICACION) values ('301','181','223',to_date('06/03/20','DD/MM/RR'));
Insert into BDS_ESCOM.TBL_USUARIOACTIVIDAD (PK_UAC_IDRELACION,FK_UAC_IDACTIVIDAD,FK_UAC_IDUSUARIO,UAC_ULTIMAMODIFICACION) values ('302','182','223',to_date('06/03/20','DD/MM/RR'));
Insert into BDS_ESCOM.TBL_USUARIOACTIVIDAD (PK_UAC_IDRELACION,FK_UAC_IDACTIVIDAD,FK_UAC_IDUSUARIO,UAC_ULTIMAMODIFICACION) values ('303','183','223',to_date('06/03/20','DD/MM/RR'));
Insert into BDS_ESCOM.TBL_USUARIOACTIVIDAD (PK_UAC_IDRELACION,FK_UAC_IDACTIVIDAD,FK_UAC_IDUSUARIO,UAC_ULTIMAMODIFICACION) values ('304','184','223',to_date('06/03/20','DD/MM/RR'));
Insert into BDS_ESCOM.TBL_USUARIOACTIVIDAD (PK_UAC_IDRELACION,FK_UAC_IDACTIVIDAD,FK_UAC_IDUSUARIO,UAC_ULTIMAMODIFICACION) values ('305','185','223',to_date('06/03/20','DD/MM/RR'));
Insert into BDS_ESCOM.TBL_USUARIOACTIVIDAD (PK_UAC_IDRELACION,FK_UAC_IDACTIVIDAD,FK_UAC_IDUSUARIO,UAC_ULTIMAMODIFICACION) values ('306','186','223',to_date('06/03/20','DD/MM/RR'));
Insert into BDS_ESCOM.TBL_USUARIOACTIVIDAD (PK_UAC_IDRELACION,FK_UAC_IDACTIVIDAD,FK_UAC_IDUSUARIO,UAC_ULTIMAMODIFICACION) values ('191','91','8',to_date('20/02/20','DD/MM/RR'));
Insert into BDS_ESCOM.TBL_USUARIOACTIVIDAD (PK_UAC_IDRELACION,FK_UAC_IDACTIVIDAD,FK_UAC_IDUSUARIO,UAC_ULTIMAMODIFICACION) values ('176','83','8',to_date('17/02/20','DD/MM/RR'));
Insert into BDS_ESCOM.TBL_USUARIOACTIVIDAD (PK_UAC_IDRELACION,FK_UAC_IDACTIVIDAD,FK_UAC_IDUSUARIO,UAC_ULTIMAMODIFICACION) values ('199','95','8',to_date('20/02/20','DD/MM/RR'));
Insert into BDS_ESCOM.TBL_USUARIOACTIVIDAD (PK_UAC_IDRELACION,FK_UAC_IDACTIVIDAD,FK_UAC_IDUSUARIO,UAC_ULTIMAMODIFICACION) values ('198','97','8',to_date('20/02/20','DD/MM/RR'));
Insert into BDS_ESCOM.TBL_USUARIOACTIVIDAD (PK_UAC_IDRELACION,FK_UAC_IDACTIVIDAD,FK_UAC_IDUSUARIO,UAC_ULTIMAMODIFICACION) values ('196','93','8',to_date('20/02/20','DD/MM/RR'));
Insert into BDS_ESCOM.TBL_USUARIOACTIVIDAD (PK_UAC_IDRELACION,FK_UAC_IDACTIVIDAD,FK_UAC_IDUSUARIO,UAC_ULTIMAMODIFICACION) values ('197','89','8',to_date('20/02/20','DD/MM/RR'));
Insert into BDS_ESCOM.TBL_USUARIOACTIVIDAD (PK_UAC_IDRELACION,FK_UAC_IDACTIVIDAD,FK_UAC_IDUSUARIO,UAC_ULTIMAMODIFICACION) values ('207','97','187',to_date('25/02/20','DD/MM/RR'));
Insert into BDS_ESCOM.TBL_USUARIOACTIVIDAD (PK_UAC_IDRELACION,FK_UAC_IDACTIVIDAD,FK_UAC_IDUSUARIO,UAC_ULTIMAMODIFICACION) values ('223','85','187',to_date('26/02/20','DD/MM/RR'));
Insert into BDS_ESCOM.TBL_USUARIOACTIVIDAD (PK_UAC_IDRELACION,FK_UAC_IDACTIVIDAD,FK_UAC_IDUSUARIO,UAC_ULTIMAMODIFICACION) values ('182','84','8',null);
Insert into BDS_ESCOM.TBL_USUARIOACTIVIDAD (PK_UAC_IDRELACION,FK_UAC_IDACTIVIDAD,FK_UAC_IDUSUARIO,UAC_ULTIMAMODIFICACION) values ('183','87','8',to_date('19/02/20','DD/MM/RR'));
Insert into BDS_ESCOM.TBL_USUARIOACTIVIDAD (PK_UAC_IDRELACION,FK_UAC_IDACTIVIDAD,FK_UAC_IDUSUARIO,UAC_ULTIMAMODIFICACION) values ('185','88','8',null);
Insert into BDS_ESCOM.TBL_USUARIOACTIVIDAD (PK_UAC_IDRELACION,FK_UAC_IDACTIVIDAD,FK_UAC_IDUSUARIO,UAC_ULTIMAMODIFICACION) values ('184','86','8',to_date('19/02/20','DD/MM/RR'));
Insert into BDS_ESCOM.TBL_USUARIOACTIVIDAD (PK_UAC_IDRELACION,FK_UAC_IDACTIVIDAD,FK_UAC_IDUSUARIO,UAC_ULTIMAMODIFICACION) values ('172','85','8',to_date('16/02/20','DD/MM/RR'));
Insert into BDS_ESCOM.TBL_USUARIOACTIVIDAD (PK_UAC_IDRELACION,FK_UAC_IDACTIVIDAD,FK_UAC_IDUSUARIO,UAC_ULTIMAMODIFICACION) values ('190','90','8',to_date('19/02/20','DD/MM/RR'));
Insert into BDS_ESCOM.TBL_USUARIOACTIVIDAD (PK_UAC_IDRELACION,FK_UAC_IDACTIVIDAD,FK_UAC_IDUSUARIO,UAC_ULTIMAMODIFICACION) values ('200','94','8',to_date('23/02/20','DD/MM/RR'));
Insert into BDS_ESCOM.TBL_USUARIOACTIVIDAD (PK_UAC_IDRELACION,FK_UAC_IDACTIVIDAD,FK_UAC_IDUSUARIO,UAC_ULTIMAMODIFICACION) values ('201','92','8',to_date('23/02/20','DD/MM/RR'));
Insert into BDS_ESCOM.TBL_USUARIOACTIVIDAD (PK_UAC_IDRELACION,FK_UAC_IDACTIVIDAD,FK_UAC_IDUSUARIO,UAC_ULTIMAMODIFICACION) values ('195','96','8',to_date('20/02/20','DD/MM/RR'));
--------------------------------------------------------
--  DDL for Index TBL_ACTIVIDAD_PK
--------------------------------------------------------

  CREATE UNIQUE INDEX "BDS_ESCOM"."TBL_ACTIVIDAD_PK" ON "BDS_ESCOM"."TBL_ACTIVIDAD" ("PK_ACT_IDACTIVIDAD") 
  PCTFREE 10 INITRANS 2 MAXTRANS 255 COMPUTE STATISTICS 
  STORAGE(INITIAL 65536 NEXT 1048576 MINEXTENTS 1 MAXEXTENTS 2147483645
  PCTINCREASE 0 FREELISTS 1 FREELIST GROUPS 1 BUFFER_POOL DEFAULT FLASH_CACHE DEFAULT CELL_FLASH_CACHE DEFAULT)
  TABLESPACE "USERS" ;
--------------------------------------------------------
--  DDL for Index TBL_BITACORA_PK
--------------------------------------------------------

  CREATE UNIQUE INDEX "BDS_ESCOM"."TBL_BITACORA_PK" ON "BDS_ESCOM"."TBL_BITACORA" ("PK_BTC_IDBITACORA") 
  PCTFREE 10 INITRANS 2 MAXTRANS 255 COMPUTE STATISTICS 
  STORAGE(INITIAL 65536 NEXT 1048576 MINEXTENTS 1 MAXEXTENTS 2147483645
  PCTINCREASE 0 FREELISTS 1 FREELIST GROUPS 1 BUFFER_POOL DEFAULT FLASH_CACHE DEFAULT CELL_FLASH_CACHE DEFAULT)
  TABLESPACE "USERS" ;
--------------------------------------------------------
--  DDL for Index TBL_CONFIGURACION_PK
--------------------------------------------------------

  CREATE UNIQUE INDEX "BDS_ESCOM"."TBL_CONFIGURACION_PK" ON "BDS_ESCOM"."TBL_CONFIGURACION" ("PK_CONF_IDCONFIGURACION") 
  PCTFREE 10 INITRANS 2 MAXTRANS 255 COMPUTE STATISTICS 
  STORAGE(INITIAL 65536 NEXT 1048576 MINEXTENTS 1 MAXEXTENTS 2147483645
  PCTINCREASE 0 FREELISTS 1 FREELIST GROUPS 1 BUFFER_POOL DEFAULT FLASH_CACHE DEFAULT CELL_FLASH_CACHE DEFAULT)
  TABLESPACE "USERS" ;
--------------------------------------------------------
--  DDL for Index TBL_MODULO_PK
--------------------------------------------------------

  CREATE UNIQUE INDEX "BDS_ESCOM"."TBL_MODULO_PK" ON "BDS_ESCOM"."TBL_MODULO" ("PK_MOD_IDMODULO") 
  PCTFREE 10 INITRANS 2 MAXTRANS 255 COMPUTE STATISTICS 
  STORAGE(INITIAL 65536 NEXT 1048576 MINEXTENTS 1 MAXEXTENTS 2147483645
  PCTINCREASE 0 FREELISTS 1 FREELIST GROUPS 1 BUFFER_POOL DEFAULT FLASH_CACHE DEFAULT CELL_FLASH_CACHE DEFAULT)
  TABLESPACE "USERS" ;
--------------------------------------------------------
--  DDL for Index TBL_TIPODOCUMENTO_PK
--------------------------------------------------------

  CREATE UNIQUE INDEX "BDS_ESCOM"."TBL_TIPODOCUMENTO_PK" ON "BDS_ESCOM"."TBL_TIPODOCUMENTO" ("PK_TIP_IDTIPODOCUMENTO") 
  PCTFREE 10 INITRANS 2 MAXTRANS 255 COMPUTE STATISTICS 
  STORAGE(INITIAL 65536 NEXT 1048576 MINEXTENTS 1 MAXEXTENTS 2147483645
  PCTINCREASE 0 FREELISTS 1 FREELIST GROUPS 1 BUFFER_POOL DEFAULT FLASH_CACHE DEFAULT CELL_FLASH_CACHE DEFAULT)
  TABLESPACE "USERS" ;
--------------------------------------------------------
--  DDL for Index TBL_USUARIOACTIVIDAD_PK
--------------------------------------------------------

  CREATE UNIQUE INDEX "BDS_ESCOM"."TBL_USUARIOACTIVIDAD_PK" ON "BDS_ESCOM"."TBL_USUARIOACTIVIDAD" ("PK_UAC_IDRELACION") 
  PCTFREE 10 INITRANS 2 MAXTRANS 255 COMPUTE STATISTICS 
  STORAGE(INITIAL 65536 NEXT 1048576 MINEXTENTS 1 MAXEXTENTS 2147483645
  PCTINCREASE 0 FREELISTS 1 FREELIST GROUPS 1 BUFFER_POOL DEFAULT FLASH_CACHE DEFAULT CELL_FLASH_CACHE DEFAULT)
  TABLESPACE "USERS" ;
--------------------------------------------------------
--  DDL for Index TBL_USUARIO_PK
--------------------------------------------------------

  CREATE UNIQUE INDEX "BDS_ESCOM"."TBL_USUARIO_PK" ON "BDS_ESCOM"."TBL_USUARIO" ("PK_USR_IDUSUARIO") 
  PCTFREE 10 INITRANS 2 MAXTRANS 255 COMPUTE STATISTICS 
  STORAGE(INITIAL 65536 NEXT 1048576 MINEXTENTS 1 MAXEXTENTS 2147483645
  PCTINCREASE 0 FREELISTS 1 FREELIST GROUPS 1 BUFFER_POOL DEFAULT FLASH_CACHE DEFAULT CELL_FLASH_CACHE DEFAULT)
  TABLESPACE "USERS" ;
--------------------------------------------------------
--  DDL for Trigger TRIGGER_SEQ_TBL_ACTIVIDAD
--------------------------------------------------------

  CREATE OR REPLACE TRIGGER "BDS_ESCOM"."TRIGGER_SEQ_TBL_ACTIVIDAD" 
before insert on TBL_ACTIVIDAD
for each row
begin
    select SEQ_TBL_ACTIVIDAD.nextval into :new.PK_ACT_IDACTIVIDAD from dual;
end;



/
ALTER TRIGGER "BDS_ESCOM"."TRIGGER_SEQ_TBL_ACTIVIDAD" ENABLE;
--------------------------------------------------------
--  DDL for Trigger TRIGGER_SEQ_TBL_BITACORA
--------------------------------------------------------

  CREATE OR REPLACE TRIGGER "BDS_ESCOM"."TRIGGER_SEQ_TBL_BITACORA" 
before insert on TBL_BITACORA
for each row
begin
    select SEQ_TBL_BITACORA.nextval into :new.PK_BTC_IDBITACORA from dual;
end;



/
ALTER TRIGGER "BDS_ESCOM"."TRIGGER_SEQ_TBL_BITACORA" ENABLE;
--------------------------------------------------------
--  DDL for Trigger TRIGGER_SEQ_TBL_CONFIGURACION
--------------------------------------------------------

  CREATE OR REPLACE TRIGGER "BDS_ESCOM"."TRIGGER_SEQ_TBL_CONFIGURACION" 
before insert on TBL_CONFIGURACION
for each row
begin
    select SEQ_TBL_CONFIGURACION.nextval into :new.PK_CONF_IDCONFIGURACION from dual;
end;


/
ALTER TRIGGER "BDS_ESCOM"."TRIGGER_SEQ_TBL_CONFIGURACION" ENABLE;
--------------------------------------------------------
--  DDL for Trigger TRIGGER_SEQ_TBL_MODULO
--------------------------------------------------------

  CREATE OR REPLACE TRIGGER "BDS_ESCOM"."TRIGGER_SEQ_TBL_MODULO" 
before insert on TBL_MODULO
for each row
begin
    select SEQ_TBL_MODULO.nextval into :new.PK_MOD_IDMODULO from dual;
end;



/
ALTER TRIGGER "BDS_ESCOM"."TRIGGER_SEQ_TBL_MODULO" ENABLE;
--------------------------------------------------------
--  DDL for Trigger TRIGGER_SEQ_TBL_TIPODOCUMENTO
--------------------------------------------------------

  CREATE OR REPLACE TRIGGER "BDS_ESCOM"."TRIGGER_SEQ_TBL_TIPODOCUMENTO" 
before insert on TBL_TIPODOCUMENTO
for each row
begin
    select SEQ_TBL_TIPODOCUMENTO.nextval into :new.PK_TIP_IDTIPODOCUMENTO from dual;
end;



/
ALTER TRIGGER "BDS_ESCOM"."TRIGGER_SEQ_TBL_TIPODOCUMENTO" ENABLE;
--------------------------------------------------------
--  DDL for Trigger TRIGGER_SEQ_TBL_USUARIO
--------------------------------------------------------

  CREATE OR REPLACE TRIGGER "BDS_ESCOM"."TRIGGER_SEQ_TBL_USUARIO" 
before insert on TBL_USUARIO
for each row
begin
    select SEQ_TBL_USUARIO.nextval into :new.PK_USR_IDUSUARIO from dual;
end;



/
ALTER TRIGGER "BDS_ESCOM"."TRIGGER_SEQ_TBL_USUARIO" ENABLE;
--------------------------------------------------------
--  DDL for Trigger TRIGGER_SEQ_TBL_USUARIOACTIVID
--------------------------------------------------------

  CREATE OR REPLACE TRIGGER "BDS_ESCOM"."TRIGGER_SEQ_TBL_USUARIOACTIVID" 
before insert on TBL_USUARIOACTIVIDAD
for each row
begin
    select SEQ_TBL_USUARIOACTIVIDAD.nextval into :new.PK_UAC_IDRELACION from dual;
end;



/
ALTER TRIGGER "BDS_ESCOM"."TRIGGER_SEQ_TBL_USUARIOACTIVID" ENABLE;
--------------------------------------------------------
--  DDL for Function CUSTOM_AUTH
--------------------------------------------------------

  CREATE OR REPLACE FUNCTION "BDS_ESCOM"."CUSTOM_AUTH" (p_username in VARCHAR2, p_password in VARCHAR2)
return BOOLEAN
is
  l_password varchar2(4000);
  l_stored_password varchar2(4000);
  l_expires_on date;
  l_count number;
begin
-- First, check to see if the user is in the user table
select count(*) into l_count from demo_users where user_name = p_username;
if l_count > 0 then
  -- First, we fetch the stored hashed password & expire date
  select password, expires_on into l_stored_password, l_expires_on
   from demo_users where user_name = p_username;

  -- Next, we check to see if the user's account is expired
  -- If it is, return FALSE
  if l_expires_on > sysdate or l_expires_on is null then

    -- If the account is not expired, we have to apply the custom hash
    -- function to the password
    l_password := custom_hash(p_username, p_password);

    -- Finally, we compare them to see if they are the same and return
    -- either TRUE or FALSE
    if l_password = l_stored_password then
      return true;
    else
      return false;
    end if;
  else
    return false;
  end if;
else
  -- The username provided is not in the DEMO_USERS table
  return false;
end if;
end;




/
--------------------------------------------------------
--  DDL for Function CUSTOM_HASH
--------------------------------------------------------

  CREATE OR REPLACE FUNCTION "BDS_ESCOM"."CUSTOM_HASH" (p_username in varchar2, p_password in varchar2)
return varchar2
is
  l_password varchar2(4000);
  l_salt varchar2(4000) := '8X14BYL9NHJ0JWHUTTFCYJBOZYP73R';
begin

-- This function should be wrapped, as the hash algorhythm is exposed here.
-- You can change the value of l_salt or the method of which to call the
-- DBMS_OBFUSCATOIN toolkit, but you much reset all of your passwords
-- if you choose to do this.

l_password := utl_raw.cast_to_raw(dbms_obfuscation_toolkit.md5
  (input_string => p_password || substr(l_salt,10,13) || p_username ||
    substr(l_salt, 4,10)));
return l_password;
end;




/
--------------------------------------------------------
--  Constraints for Table TBL_ACTIVIDAD
--------------------------------------------------------

  ALTER TABLE "BDS_ESCOM"."TBL_ACTIVIDAD" MODIFY ("PK_ACT_IDACTIVIDAD" NOT NULL ENABLE);
  ALTER TABLE "BDS_ESCOM"."TBL_ACTIVIDAD" ADD CONSTRAINT "TBL_ACTIVIDAD_PK" PRIMARY KEY ("PK_ACT_IDACTIVIDAD")
  USING INDEX PCTFREE 10 INITRANS 2 MAXTRANS 255 COMPUTE STATISTICS 
  STORAGE(INITIAL 65536 NEXT 1048576 MINEXTENTS 1 MAXEXTENTS 2147483645
  PCTINCREASE 0 FREELISTS 1 FREELIST GROUPS 1 BUFFER_POOL DEFAULT FLASH_CACHE DEFAULT CELL_FLASH_CACHE DEFAULT)
  TABLESPACE "USERS"  ENABLE;
--------------------------------------------------------
--  Constraints for Table TBL_BITACORA
--------------------------------------------------------

  ALTER TABLE "BDS_ESCOM"."TBL_BITACORA" MODIFY ("PK_BTC_IDBITACORA" NOT NULL ENABLE);
  ALTER TABLE "BDS_ESCOM"."TBL_BITACORA" ADD CONSTRAINT "TBL_BITACORA_PK" PRIMARY KEY ("PK_BTC_IDBITACORA")
  USING INDEX PCTFREE 10 INITRANS 2 MAXTRANS 255 COMPUTE STATISTICS 
  STORAGE(INITIAL 65536 NEXT 1048576 MINEXTENTS 1 MAXEXTENTS 2147483645
  PCTINCREASE 0 FREELISTS 1 FREELIST GROUPS 1 BUFFER_POOL DEFAULT FLASH_CACHE DEFAULT CELL_FLASH_CACHE DEFAULT)
  TABLESPACE "USERS"  ENABLE;
--------------------------------------------------------
--  Constraints for Table TBL_CONFIGURACION
--------------------------------------------------------

  ALTER TABLE "BDS_ESCOM"."TBL_CONFIGURACION" ADD CONSTRAINT "TBL_CONFIGURACION_PK" PRIMARY KEY ("PK_CONF_IDCONFIGURACION")
  USING INDEX PCTFREE 10 INITRANS 2 MAXTRANS 255 COMPUTE STATISTICS 
  STORAGE(INITIAL 65536 NEXT 1048576 MINEXTENTS 1 MAXEXTENTS 2147483645
  PCTINCREASE 0 FREELISTS 1 FREELIST GROUPS 1 BUFFER_POOL DEFAULT FLASH_CACHE DEFAULT CELL_FLASH_CACHE DEFAULT)
  TABLESPACE "USERS"  ENABLE;
  ALTER TABLE "BDS_ESCOM"."TBL_CONFIGURACION" MODIFY ("PK_CONF_IDCONFIGURACION" NOT NULL ENABLE);
--------------------------------------------------------
--  Constraints for Table TBL_MODULO
--------------------------------------------------------

  ALTER TABLE "BDS_ESCOM"."TBL_MODULO" MODIFY ("PK_MOD_IDMODULO" NOT NULL ENABLE);
  ALTER TABLE "BDS_ESCOM"."TBL_MODULO" ADD CONSTRAINT "TBL_MODULO_PK" PRIMARY KEY ("PK_MOD_IDMODULO")
  USING INDEX PCTFREE 10 INITRANS 2 MAXTRANS 255 COMPUTE STATISTICS 
  STORAGE(INITIAL 65536 NEXT 1048576 MINEXTENTS 1 MAXEXTENTS 2147483645
  PCTINCREASE 0 FREELISTS 1 FREELIST GROUPS 1 BUFFER_POOL DEFAULT FLASH_CACHE DEFAULT CELL_FLASH_CACHE DEFAULT)
  TABLESPACE "USERS"  ENABLE;
--------------------------------------------------------
--  Constraints for Table TBL_TIPODOCUMENTO
--------------------------------------------------------

  ALTER TABLE "BDS_ESCOM"."TBL_TIPODOCUMENTO" MODIFY ("PK_TIP_IDTIPODOCUMENTO" NOT NULL ENABLE);
  ALTER TABLE "BDS_ESCOM"."TBL_TIPODOCUMENTO" ADD CONSTRAINT "TBL_TIPODOCUMENTO_PK" PRIMARY KEY ("PK_TIP_IDTIPODOCUMENTO")
  USING INDEX PCTFREE 10 INITRANS 2 MAXTRANS 255 COMPUTE STATISTICS 
  STORAGE(INITIAL 65536 NEXT 1048576 MINEXTENTS 1 MAXEXTENTS 2147483645
  PCTINCREASE 0 FREELISTS 1 FREELIST GROUPS 1 BUFFER_POOL DEFAULT FLASH_CACHE DEFAULT CELL_FLASH_CACHE DEFAULT)
  TABLESPACE "USERS"  ENABLE;
--------------------------------------------------------
--  Constraints for Table TBL_USUARIO
--------------------------------------------------------

  ALTER TABLE "BDS_ESCOM"."TBL_USUARIO" MODIFY ("PK_USR_IDUSUARIO" NOT NULL ENABLE);
  ALTER TABLE "BDS_ESCOM"."TBL_USUARIO" ADD CONSTRAINT "TBL_USUARIO_PK" PRIMARY KEY ("PK_USR_IDUSUARIO")
  USING INDEX PCTFREE 10 INITRANS 2 MAXTRANS 255 COMPUTE STATISTICS 
  STORAGE(INITIAL 65536 NEXT 1048576 MINEXTENTS 1 MAXEXTENTS 2147483645
  PCTINCREASE 0 FREELISTS 1 FREELIST GROUPS 1 BUFFER_POOL DEFAULT FLASH_CACHE DEFAULT CELL_FLASH_CACHE DEFAULT)
  TABLESPACE "USERS"  ENABLE;
--------------------------------------------------------
--  Constraints for Table TBL_USUARIOACTIVIDAD
--------------------------------------------------------

  ALTER TABLE "BDS_ESCOM"."TBL_USUARIOACTIVIDAD" MODIFY ("PK_UAC_IDRELACION" NOT NULL ENABLE);
  ALTER TABLE "BDS_ESCOM"."TBL_USUARIOACTIVIDAD" ADD CONSTRAINT "TBL_USUARIOACTIVIDAD_PK" PRIMARY KEY ("PK_UAC_IDRELACION")
  USING INDEX PCTFREE 10 INITRANS 2 MAXTRANS 255 COMPUTE STATISTICS 
  STORAGE(INITIAL 65536 NEXT 1048576 MINEXTENTS 1 MAXEXTENTS 2147483645
  PCTINCREASE 0 FREELISTS 1 FREELIST GROUPS 1 BUFFER_POOL DEFAULT FLASH_CACHE DEFAULT CELL_FLASH_CACHE DEFAULT)
  TABLESPACE "USERS"  ENABLE;
--------------------------------------------------------
--  Ref Constraints for Table TBL_ACTIVIDAD
--------------------------------------------------------

  ALTER TABLE "BDS_ESCOM"."TBL_ACTIVIDAD" ADD CONSTRAINT "RELACION_IDMODULO" FOREIGN KEY ("FK_ACT_IDMODULO")
	  REFERENCES "BDS_ESCOM"."TBL_MODULO" ("PK_MOD_IDMODULO") ENABLE;
--------------------------------------------------------
--  Ref Constraints for Table TBL_USUARIO
--------------------------------------------------------

  ALTER TABLE "BDS_ESCOM"."TBL_USUARIO" ADD CONSTRAINT "RELACION_TIPODOC" FOREIGN KEY ("FK_USR_IDTIPODOCUMENTO")
	  REFERENCES "BDS_ESCOM"."TBL_TIPODOCUMENTO" ("PK_TIP_IDTIPODOCUMENTO") ENABLE;
--------------------------------------------------------
--  Ref Constraints for Table TBL_USUARIOACTIVIDAD
--------------------------------------------------------

  ALTER TABLE "BDS_ESCOM"."TBL_USUARIOACTIVIDAD" ADD CONSTRAINT "RELACION_ACTV" FOREIGN KEY ("FK_UAC_IDACTIVIDAD")
	  REFERENCES "BDS_ESCOM"."TBL_ACTIVIDAD" ("PK_ACT_IDACTIVIDAD") ENABLE;
  ALTER TABLE "BDS_ESCOM"."TBL_USUARIOACTIVIDAD" ADD CONSTRAINT "RELACION_USUARIO" FOREIGN KEY ("FK_UAC_IDUSUARIO")
	  REFERENCES "BDS_ESCOM"."TBL_USUARIO" ("PK_USR_IDUSUARIO") ENABLE;
