--------------------------------------------------------
-- Archivo creado  - miércoles-febrero-26-2020   
--------------------------------------------------------
--------------------------------------------------------
--  DDL for Sequence DEMO_CUST_SEQ
--------------------------------------------------------

   CREATE SEQUENCE  "BDS_ESCOM"."DEMO_CUST_SEQ"  MINVALUE 1 MAXVALUE 9999999999999999999999999999 INCREMENT BY 1 START WITH 21 CACHE 20 NOORDER  NOCYCLE ;
--------------------------------------------------------
--  DDL for Sequence DEMO_ORDER_ITEMS_SEQ
--------------------------------------------------------

   CREATE SEQUENCE  "BDS_ESCOM"."DEMO_ORDER_ITEMS_SEQ"  MINVALUE 1 MAXVALUE 9999999999999999999999999999 INCREMENT BY 1 START WITH 61 CACHE 20 NOORDER  NOCYCLE ;
--------------------------------------------------------
--  DDL for Sequence DEMO_ORD_SEQ
--------------------------------------------------------

   CREATE SEQUENCE  "BDS_ESCOM"."DEMO_ORD_SEQ"  MINVALUE 1 MAXVALUE 9999999999999999999999999999 INCREMENT BY 1 START WITH 11 CACHE 20 NOORDER  NOCYCLE ;
--------------------------------------------------------
--  DDL for Sequence DEMO_PROD_SEQ
--------------------------------------------------------

   CREATE SEQUENCE  "BDS_ESCOM"."DEMO_PROD_SEQ"  MINVALUE 1 MAXVALUE 9999999999999999999999999999 INCREMENT BY 1 START WITH 21 CACHE 20 NOORDER  NOCYCLE ;
--------------------------------------------------------
--  DDL for Sequence DEMO_USERS_SEQ
--------------------------------------------------------

   CREATE SEQUENCE  "BDS_ESCOM"."DEMO_USERS_SEQ"  MINVALUE 1 MAXVALUE 9999999999999999999999999999 INCREMENT BY 1 START WITH 21 CACHE 20 NOORDER  NOCYCLE ;
--------------------------------------------------------
--  DDL for Sequence SEQ_TBL_ACTIVIDAD
--------------------------------------------------------

   CREATE SEQUENCE  "BDS_ESCOM"."SEQ_TBL_ACTIVIDAD"  MINVALUE 1 MAXVALUE 9999999999999999999999999999 INCREMENT BY 1 START WITH 123 CACHE 20 NOORDER  NOCYCLE ;
--------------------------------------------------------
--  DDL for Sequence SEQ_TBL_BITACORA
--------------------------------------------------------

   CREATE SEQUENCE  "BDS_ESCOM"."SEQ_TBL_BITACORA"  MINVALUE 1 MAXVALUE 9999999999999999999999999999 INCREMENT BY 1 START WITH 124 CACHE 20 NOORDER  NOCYCLE ;
--------------------------------------------------------
--  DDL for Sequence SEQ_TBL_CONFIGURACION
--------------------------------------------------------

   CREATE SEQUENCE  "BDS_ESCOM"."SEQ_TBL_CONFIGURACION"  MINVALUE 1 MAXVALUE 9999999999999999999999999999 INCREMENT BY 1 START WITH 41 CACHE 20 NOORDER  NOCYCLE ;
--------------------------------------------------------
--  DDL for Sequence SEQ_TBL_MODULO
--------------------------------------------------------

   CREATE SEQUENCE  "BDS_ESCOM"."SEQ_TBL_MODULO"  MINVALUE 1 MAXVALUE 9999999999999999999999999999 INCREMENT BY 1 START WITH 62 CACHE 20 NOORDER  NOCYCLE ;
--------------------------------------------------------
--  DDL for Sequence SEQ_TBL_TIPODOCUMENTO
--------------------------------------------------------

   CREATE SEQUENCE  "BDS_ESCOM"."SEQ_TBL_TIPODOCUMENTO"  MINVALUE 1 MAXVALUE 9999999999999999999999999999 INCREMENT BY 1 START WITH 22 CACHE 20 NOORDER  NOCYCLE ;
--------------------------------------------------------
--  DDL for Sequence SEQ_TBL_USUARIO
--------------------------------------------------------

   CREATE SEQUENCE  "BDS_ESCOM"."SEQ_TBL_USUARIO"  MINVALUE 1 MAXVALUE 9999999999999999999999999999 INCREMENT BY 1 START WITH 203 CACHE 20 NOORDER  NOCYCLE ;
--------------------------------------------------------
--  DDL for Sequence SEQ_TBL_USUARIOACTIVIDAD
--------------------------------------------------------

   CREATE SEQUENCE  "BDS_ESCOM"."SEQ_TBL_USUARIOACTIVIDAD"  MINVALUE 1 MAXVALUE 9999999999999999999999999999 INCREMENT BY 1 START WITH 223 CACHE 20 NOORDER  NOCYCLE ;
--------------------------------------------------------
--  DDL for Table TBL_ACTIVIDAD
--------------------------------------------------------

  CREATE TABLE "BDS_ESCOM"."TBL_ACTIVIDAD" 
   (	"PK_ACT_IDACTIVIDAD" NUMBER, 
	"ACT_ESTADO" VARCHAR2(20 BYTE), 
	"ACT_ULTIMAMODIFICACION" DATE, 
	"FK_ACT_IDMODULO" NUMBER, 
	"ACT_NOMBREACTIVIDAD" VARCHAR2(43 BYTE), 
	"ACT_DESCRIPCIONACTIVIDAD" VARCHAR2(200 BYTE)
   ) SEGMENT CREATION IMMEDIATE 
  PCTFREE 10 PCTUSED 40 INITRANS 1 MAXTRANS 255 NOCOMPRESS LOGGING
  STORAGE(INITIAL 65536 NEXT 1048576 MINEXTENTS 1 MAXEXTENTS 2147483645
  PCTINCREASE 0 FREELISTS 1 FREELIST GROUPS 1 BUFFER_POOL DEFAULT FLASH_CACHE DEFAULT CELL_FLASH_CACHE DEFAULT)
  TABLESPACE "USERS" ;
--------------------------------------------------------
--  DDL for Table TBL_BITACORA
--------------------------------------------------------

  CREATE TABLE "BDS_ESCOM"."TBL_BITACORA" 
   (	"PK_BTC_IDBITACORA" NUMBER, 
	"BTC_OPERACION" VARCHAR2(50 BYTE), 
	"FK_BTC_IDUSUARIO" NUMBER, 
	"BTC_TABLAINVOLUCRADA" VARCHAR2(20 BYTE), 
	"BTC_FECHABITACORA" DATE, 
	"BTC_MAC" VARCHAR2(20 BYTE), 
	"FK_BTC_IDMODULO" NUMBER, 
	"BTC_IP" VARCHAR2(20 BYTE)
   ) SEGMENT CREATION IMMEDIATE 
  PCTFREE 10 PCTUSED 40 INITRANS 1 MAXTRANS 255 NOCOMPRESS LOGGING
  STORAGE(INITIAL 65536 NEXT 1048576 MINEXTENTS 1 MAXEXTENTS 2147483645
  PCTINCREASE 0 FREELISTS 1 FREELIST GROUPS 1 BUFFER_POOL DEFAULT FLASH_CACHE DEFAULT CELL_FLASH_CACHE DEFAULT)
  TABLESPACE "USERS" ;
--------------------------------------------------------
--  DDL for Table TBL_CONFIGURACION
--------------------------------------------------------

  CREATE TABLE "BDS_ESCOM"."TBL_CONFIGURACION" 
   (	"PK_CONF_IDCONFIGURACION" NUMBER(*,0), 
	"CONF_BARRASUPERIOR" VARCHAR2(20 BYTE), 
	"CONF_BARRALATERAL" VARCHAR2(20 BYTE), 
	"CONF_BOTONES" VARCHAR2(20 BYTE), 
	"CONF_LOGO" BLOB, 
	"CONF_IMAGENLOGIN" BLOB
   ) SEGMENT CREATION IMMEDIATE 
  PCTFREE 10 PCTUSED 40 INITRANS 1 MAXTRANS 255 NOCOMPRESS LOGGING
  STORAGE(INITIAL 65536 NEXT 1048576 MINEXTENTS 1 MAXEXTENTS 2147483645
  PCTINCREASE 0 FREELISTS 1 FREELIST GROUPS 1 BUFFER_POOL DEFAULT FLASH_CACHE DEFAULT CELL_FLASH_CACHE DEFAULT)
  TABLESPACE "USERS" 
 LOB ("CONF_LOGO") STORE AS BASICFILE (
  TABLESPACE "USERS" ENABLE STORAGE IN ROW CHUNK 8192 RETENTION 
  NOCACHE LOGGING 
  STORAGE(INITIAL 65536 NEXT 1048576 MINEXTENTS 1 MAXEXTENTS 2147483645
  PCTINCREASE 0 FREELISTS 1 FREELIST GROUPS 1 BUFFER_POOL DEFAULT FLASH_CACHE DEFAULT CELL_FLASH_CACHE DEFAULT)) 
 LOB ("CONF_IMAGENLOGIN") STORE AS BASICFILE (
  TABLESPACE "USERS" ENABLE STORAGE IN ROW CHUNK 8192 RETENTION 
  NOCACHE LOGGING 
  STORAGE(INITIAL 65536 NEXT 1048576 MINEXTENTS 1 MAXEXTENTS 2147483645
  PCTINCREASE 0 FREELISTS 1 FREELIST GROUPS 1 BUFFER_POOL DEFAULT FLASH_CACHE DEFAULT CELL_FLASH_CACHE DEFAULT)) ;
--------------------------------------------------------
--  DDL for Table TBL_MODULO
--------------------------------------------------------

  CREATE TABLE "BDS_ESCOM"."TBL_MODULO" 
   (	"PK_MOD_IDMODULO" NUMBER, 
	"MOD_ULTIMAMODIFICACION" DATE, 
	"MOD_ESTADO" VARCHAR2(20 BYTE), 
	"MOD_ACRONIMO" VARCHAR2(20 BYTE), 
	"MOD_IMAGEN" BLOB, 
	"MOD_DESCRIPCIONMODULO" VARCHAR2(200 BYTE), 
	"MOD_NOMBREMODULO" VARCHAR2(40 BYTE), 
	"MOD_URL" VARCHAR2(40 BYTE)
   ) SEGMENT CREATION IMMEDIATE 
  PCTFREE 10 PCTUSED 40 INITRANS 1 MAXTRANS 255 NOCOMPRESS LOGGING
  STORAGE(INITIAL 65536 NEXT 1048576 MINEXTENTS 1 MAXEXTENTS 2147483645
  PCTINCREASE 0 FREELISTS 1 FREELIST GROUPS 1 BUFFER_POOL DEFAULT FLASH_CACHE DEFAULT CELL_FLASH_CACHE DEFAULT)
  TABLESPACE "USERS" 
 LOB ("MOD_IMAGEN") STORE AS BASICFILE (
  TABLESPACE "USERS" ENABLE STORAGE IN ROW CHUNK 8192 RETENTION 
  NOCACHE LOGGING 
  STORAGE(INITIAL 65536 NEXT 1048576 MINEXTENTS 1 MAXEXTENTS 2147483645
  PCTINCREASE 0 FREELISTS 1 FREELIST GROUPS 1 BUFFER_POOL DEFAULT FLASH_CACHE DEFAULT CELL_FLASH_CACHE DEFAULT)) ;
--------------------------------------------------------
--  DDL for Table TBL_TIPODOCUMENTO
--------------------------------------------------------

  CREATE TABLE "BDS_ESCOM"."TBL_TIPODOCUMENTO" 
   (	"PK_TIP_IDTIPODOCUMENTO" NUMBER, 
	"TIP_TIPODOCUMENTO" VARCHAR2(20 BYTE), 
	"TIP_ULTIMAMODIFICACION" DATE
   ) SEGMENT CREATION IMMEDIATE 
  PCTFREE 10 PCTUSED 40 INITRANS 1 MAXTRANS 255 NOCOMPRESS LOGGING
  STORAGE(INITIAL 65536 NEXT 1048576 MINEXTENTS 1 MAXEXTENTS 2147483645
  PCTINCREASE 0 FREELISTS 1 FREELIST GROUPS 1 BUFFER_POOL DEFAULT FLASH_CACHE DEFAULT CELL_FLASH_CACHE DEFAULT)
  TABLESPACE "USERS" ;
--------------------------------------------------------
--  DDL for Table TBL_USUARIO
--------------------------------------------------------

  CREATE TABLE "BDS_ESCOM"."TBL_USUARIO" 
   (	"PK_USR_IDUSUARIO" NUMBER, 
	"USR_TOKEN" VARCHAR2(300 BYTE), 
	"USR_NUMERODOCUMENTO" NUMBER, 
	"USR_APELLIDO" VARCHAR2(20 BYTE), 
	"USR_ESTADO" VARCHAR2(20 BYTE), 
	"USR_FECHANACIMIENTO" DATE, 
	"USR_NUMEROINTENTOS" NUMBER, 
	"USR_NOMBRE" VARCHAR2(20 BYTE), 
	"USR_ULTIMAMODIFICACION" DATE, 
	"USR_CORREOELECTRONICO" VARCHAR2(50 BYTE), 
	"FK_USR_IDTIPODOCUMENTO" NUMBER, 
	"USR_CONTRASENA" VARCHAR2(300 BYTE)
   ) SEGMENT CREATION IMMEDIATE 
  PCTFREE 10 PCTUSED 40 INITRANS 1 MAXTRANS 255 NOCOMPRESS LOGGING
  STORAGE(INITIAL 65536 NEXT 1048576 MINEXTENTS 1 MAXEXTENTS 2147483645
  PCTINCREASE 0 FREELISTS 1 FREELIST GROUPS 1 BUFFER_POOL DEFAULT FLASH_CACHE DEFAULT CELL_FLASH_CACHE DEFAULT)
  TABLESPACE "USERS" ;
--------------------------------------------------------
--  DDL for Table TBL_USUARIOACTIVIDAD
--------------------------------------------------------

  CREATE TABLE "BDS_ESCOM"."TBL_USUARIOACTIVIDAD" 
   (	"PK_UAC_IDRELACION" NUMBER, 
	"FK_UAC_IDACTIVIDAD" NUMBER, 
	"FK_UAC_IDUSUARIO" NUMBER, 
	"UAC_ULTIMAMODIFICACION" DATE
   ) SEGMENT CREATION IMMEDIATE 
  PCTFREE 10 PCTUSED 40 INITRANS 1 MAXTRANS 255 NOCOMPRESS LOGGING
  STORAGE(INITIAL 65536 NEXT 1048576 MINEXTENTS 1 MAXEXTENTS 2147483645
  PCTINCREASE 0 FREELISTS 1 FREELIST GROUPS 1 BUFFER_POOL DEFAULT FLASH_CACHE DEFAULT CELL_FLASH_CACHE DEFAULT)
  TABLESPACE "USERS" ;
REM INSERTING into BDS_ESCOM.TBL_ACTIVIDAD
SET DEFINE OFF;
Insert into BDS_ESCOM.TBL_ACTIVIDAD (PK_ACT_IDACTIVIDAD,ACT_ESTADO,ACT_ULTIMAMODIFICACION,FK_ACT_IDMODULO,ACT_NOMBREACTIVIDAD,ACT_DESCRIPCIONACTIVIDAD) values ('86','Suspendido',to_date('11/02/20','DD/MM/RR'),'31','sa_Suspender/activar usuarios','...pppppppppp');
Insert into BDS_ESCOM.TBL_ACTIVIDAD (PK_ACT_IDACTIVIDAD,ACT_ESTADO,ACT_ULTIMAMODIFICACION,FK_ACT_IDMODULO,ACT_NOMBREACTIVIDAD,ACT_DESCRIPCIONACTIVIDAD) values ('87','Activo',to_date('11/02/20','DD/MM/RR'),'31','sa_Editar informacion de los usuarios','...');
Insert into BDS_ESCOM.TBL_ACTIVIDAD (PK_ACT_IDACTIVIDAD,ACT_ESTADO,ACT_ULTIMAMODIFICACION,FK_ACT_IDMODULO,ACT_NOMBREACTIVIDAD,ACT_DESCRIPCIONACTIVIDAD) values ('88','Activo',to_date('11/02/20','DD/MM/RR'),'31','sa_Asignacion de actividades a los usuarios','..');
Insert into BDS_ESCOM.TBL_ACTIVIDAD (PK_ACT_IDACTIVIDAD,ACT_ESTADO,ACT_ULTIMAMODIFICACION,FK_ACT_IDMODULO,ACT_NOMBREACTIVIDAD,ACT_DESCRIPCIONACTIVIDAD) values ('89','Activo',to_date('11/02/20','DD/MM/RR'),'31','sa_Suspender/activar modulos','...');
Insert into BDS_ESCOM.TBL_ACTIVIDAD (PK_ACT_IDACTIVIDAD,ACT_ESTADO,ACT_ULTIMAMODIFICACION,FK_ACT_IDMODULO,ACT_NOMBREACTIVIDAD,ACT_DESCRIPCIONACTIVIDAD) values ('90','Activo',to_date('11/02/20','DD/MM/RR'),'31','sa_Editar informacion de los modulos','....');
Insert into BDS_ESCOM.TBL_ACTIVIDAD (PK_ACT_IDACTIVIDAD,ACT_ESTADO,ACT_ULTIMAMODIFICACION,FK_ACT_IDMODULO,ACT_NOMBREACTIVIDAD,ACT_DESCRIPCIONACTIVIDAD) values ('91','Activo',to_date('11/02/20','DD/MM/RR'),'31','sa_Consultar modulos registrados','....');
Insert into BDS_ESCOM.TBL_ACTIVIDAD (PK_ACT_IDACTIVIDAD,ACT_ESTADO,ACT_ULTIMAMODIFICACION,FK_ACT_IDMODULO,ACT_NOMBREACTIVIDAD,ACT_DESCRIPCIONACTIVIDAD) values ('92','Activo',to_date('11/02/20','DD/MM/RR'),'31','sa_Registrar modulos','....');
Insert into BDS_ESCOM.TBL_ACTIVIDAD (PK_ACT_IDACTIVIDAD,ACT_ESTADO,ACT_ULTIMAMODIFICACION,FK_ACT_IDMODULO,ACT_NOMBREACTIVIDAD,ACT_DESCRIPCIONACTIVIDAD) values ('93','Activo',to_date('11/02/20','DD/MM/RR'),'31','sa_Suspender/activar actividades de modulos','...');
Insert into BDS_ESCOM.TBL_ACTIVIDAD (PK_ACT_IDACTIVIDAD,ACT_ESTADO,ACT_ULTIMAMODIFICACION,FK_ACT_IDMODULO,ACT_NOMBREACTIVIDAD,ACT_DESCRIPCIONACTIVIDAD) values ('94','Activo',to_date('11/02/20','DD/MM/RR'),'31','sa_Editar informacion de la actividad','...');
Insert into BDS_ESCOM.TBL_ACTIVIDAD (PK_ACT_IDACTIVIDAD,ACT_ESTADO,ACT_ULTIMAMODIFICACION,FK_ACT_IDMODULO,ACT_NOMBREACTIVIDAD,ACT_DESCRIPCIONACTIVIDAD) values ('95','Activo',to_date('11/02/20','DD/MM/RR'),'31','sa_Registrar actividad','....');
Insert into BDS_ESCOM.TBL_ACTIVIDAD (PK_ACT_IDACTIVIDAD,ACT_ESTADO,ACT_ULTIMAMODIFICACION,FK_ACT_IDMODULO,ACT_NOMBREACTIVIDAD,ACT_DESCRIPCIONACTIVIDAD) values ('96','Activo',to_date('11/02/20','DD/MM/RR'),'31','sa_Consultar actividades registradas','....');
Insert into BDS_ESCOM.TBL_ACTIVIDAD (PK_ACT_IDACTIVIDAD,ACT_ESTADO,ACT_ULTIMAMODIFICACION,FK_ACT_IDMODULO,ACT_NOMBREACTIVIDAD,ACT_DESCRIPCIONACTIVIDAD) values ('97','Activo',to_date('11/02/20','DD/MM/RR'),'31','sa_Administrar configuracion de aspecto','...');
Insert into BDS_ESCOM.TBL_ACTIVIDAD (PK_ACT_IDACTIVIDAD,ACT_ESTADO,ACT_ULTIMAMODIFICACION,FK_ACT_IDMODULO,ACT_NOMBREACTIVIDAD,ACT_DESCRIPCIONACTIVIDAD) values ('98','Activo',to_date('11/02/20','DD/MM/RR'),'31','sa_Cambiar contrasena','...');
Insert into BDS_ESCOM.TBL_ACTIVIDAD (PK_ACT_IDACTIVIDAD,ACT_ESTADO,ACT_ULTIMAMODIFICACION,FK_ACT_IDMODULO,ACT_NOMBREACTIVIDAD,ACT_DESCRIPCIONACTIVIDAD) values ('84','Activo',to_date('11/02/20','DD/MM/RR'),'31','sa_Consultar usuarios registrados','permiso para consultar los usuarios actualmente inscritos en el sistema');
Insert into BDS_ESCOM.TBL_ACTIVIDAD (PK_ACT_IDACTIVIDAD,ACT_ESTADO,ACT_ULTIMAMODIFICACION,FK_ACT_IDMODULO,ACT_NOMBREACTIVIDAD,ACT_DESCRIPCIONACTIVIDAD) values ('85','Activo',to_date('11/02/20','DD/MM/RR'),'31','sa_Registrar usuarios','Permiso que habilita el registro de usuarios en la plataforma');
Insert into BDS_ESCOM.TBL_ACTIVIDAD (PK_ACT_IDACTIVIDAD,ACT_ESTADO,ACT_ULTIMAMODIFICACION,FK_ACT_IDMODULO,ACT_NOMBREACTIVIDAD,ACT_DESCRIPCIONACTIVIDAD) values ('107','Activo',to_date('23/02/20','DD/MM/RR'),'47','Md_registar pensum','...');
Insert into BDS_ESCOM.TBL_ACTIVIDAD (PK_ACT_IDACTIVIDAD,ACT_ESTADO,ACT_ULTIMAMODIFICACION,FK_ACT_IDMODULO,ACT_NOMBREACTIVIDAD,ACT_DESCRIPCIONACTIVIDAD) values ('108','Activo',to_date('23/02/20','DD/MM/RR'),'47','Md_Registrar pregrados','....');
Insert into BDS_ESCOM.TBL_ACTIVIDAD (PK_ACT_IDACTIVIDAD,ACT_ESTADO,ACT_ULTIMAMODIFICACION,FK_ACT_IDMODULO,ACT_NOMBREACTIVIDAD,ACT_DESCRIPCIONACTIVIDAD) values ('83','Activo',null,'31','dios','actividad de prueba xde');
REM INSERTING into BDS_ESCOM.TBL_BITACORA
SET DEFINE OFF;
Insert into BDS_ESCOM.TBL_BITACORA (PK_BTC_IDBITACORA,BTC_OPERACION,FK_BTC_IDUSUARIO,BTC_TABLAINVOLUCRADA,BTC_FECHABITACORA,BTC_MAC,FK_BTC_IDMODULO,BTC_IP) values ('67','INSERT','66','TBL_ACTIVIDAD',to_date('08/02/20','DD/MM/RR'),'xx','1','123');
Insert into BDS_ESCOM.TBL_BITACORA (PK_BTC_IDBITACORA,BTC_OPERACION,FK_BTC_IDUSUARIO,BTC_TABLAINVOLUCRADA,BTC_FECHABITACORA,BTC_MAC,FK_BTC_IDMODULO,BTC_IP) values ('70','INSERT','69','TBL_ACTIVIDAD',to_date('09/02/20','DD/MM/RR'),'xx','1','123');
Insert into BDS_ESCOM.TBL_BITACORA (PK_BTC_IDBITACORA,BTC_OPERACION,FK_BTC_IDUSUARIO,BTC_TABLAINVOLUCRADA,BTC_FECHABITACORA,BTC_MAC,FK_BTC_IDMODULO,BTC_IP) values ('71','INSERT','70','TBL_ACTIVIDAD',to_date('09/02/20','DD/MM/RR'),'xx','28','123');
Insert into BDS_ESCOM.TBL_BITACORA (PK_BTC_IDBITACORA,BTC_OPERACION,FK_BTC_IDUSUARIO,BTC_TABLAINVOLUCRADA,BTC_FECHABITACORA,BTC_MAC,FK_BTC_IDMODULO,BTC_IP) values ('72','INSERT','71','TBL_ACTIVIDAD',to_date('09/02/20','DD/MM/RR'),'xx','28','123');
Insert into BDS_ESCOM.TBL_BITACORA (PK_BTC_IDBITACORA,BTC_OPERACION,FK_BTC_IDUSUARIO,BTC_TABLAINVOLUCRADA,BTC_FECHABITACORA,BTC_MAC,FK_BTC_IDMODULO,BTC_IP) values ('73','INSERT','72','TBL_ACTIVIDAD',to_date('09/02/20','DD/MM/RR'),'xx','8','123');
Insert into BDS_ESCOM.TBL_BITACORA (PK_BTC_IDBITACORA,BTC_OPERACION,FK_BTC_IDUSUARIO,BTC_TABLAINVOLUCRADA,BTC_FECHABITACORA,BTC_MAC,FK_BTC_IDMODULO,BTC_IP) values ('74','INSERT','73','TBL_ACTIVIDAD',to_date('09/02/20','DD/MM/RR'),'xx','28','123');
Insert into BDS_ESCOM.TBL_BITACORA (PK_BTC_IDBITACORA,BTC_OPERACION,FK_BTC_IDUSUARIO,BTC_TABLAINVOLUCRADA,BTC_FECHABITACORA,BTC_MAC,FK_BTC_IDMODULO,BTC_IP) values ('75','INSERT','74','TBL_ACTIVIDAD',to_date('09/02/20','DD/MM/RR'),'xx','23','123');
Insert into BDS_ESCOM.TBL_BITACORA (PK_BTC_IDBITACORA,BTC_OPERACION,FK_BTC_IDUSUARIO,BTC_TABLAINVOLUCRADA,BTC_FECHABITACORA,BTC_MAC,FK_BTC_IDMODULO,BTC_IP) values ('76','INSERT','75','TBL_ACTIVIDAD',to_date('09/02/20','DD/MM/RR'),'xx','24','123');
Insert into BDS_ESCOM.TBL_BITACORA (PK_BTC_IDBITACORA,BTC_OPERACION,FK_BTC_IDUSUARIO,BTC_TABLAINVOLUCRADA,BTC_FECHABITACORA,BTC_MAC,FK_BTC_IDMODULO,BTC_IP) values ('77','INSERT','76','TBL_ACTIVIDAD',to_date('09/02/20','DD/MM/RR'),'xx','8','123');
Insert into BDS_ESCOM.TBL_BITACORA (PK_BTC_IDBITACORA,BTC_OPERACION,FK_BTC_IDUSUARIO,BTC_TABLAINVOLUCRADA,BTC_FECHABITACORA,BTC_MAC,FK_BTC_IDMODULO,BTC_IP) values ('78','INSERT','77','TBL_ACTIVIDAD',to_date('09/02/20','DD/MM/RR'),'xx','25','123');
Insert into BDS_ESCOM.TBL_BITACORA (PK_BTC_IDBITACORA,BTC_OPERACION,FK_BTC_IDUSUARIO,BTC_TABLAINVOLUCRADA,BTC_FECHABITACORA,BTC_MAC,FK_BTC_IDMODULO,BTC_IP) values ('79','INSERT','78','TBL_ACTIVIDAD',to_date('09/02/20','DD/MM/RR'),'xx','28','123');
Insert into BDS_ESCOM.TBL_BITACORA (PK_BTC_IDBITACORA,BTC_OPERACION,FK_BTC_IDUSUARIO,BTC_TABLAINVOLUCRADA,BTC_FECHABITACORA,BTC_MAC,FK_BTC_IDMODULO,BTC_IP) values ('80','INSERT','79','TBL_ACTIVIDAD',to_date('09/02/20','DD/MM/RR'),'xx','1','123');
Insert into BDS_ESCOM.TBL_BITACORA (PK_BTC_IDBITACORA,BTC_OPERACION,FK_BTC_IDUSUARIO,BTC_TABLAINVOLUCRADA,BTC_FECHABITACORA,BTC_MAC,FK_BTC_IDMODULO,BTC_IP) values ('81','INSERT','80','TBL_ACTIVIDAD',to_date('09/02/20','DD/MM/RR'),'xx','24','123');
Insert into BDS_ESCOM.TBL_BITACORA (PK_BTC_IDBITACORA,BTC_OPERACION,FK_BTC_IDUSUARIO,BTC_TABLAINVOLUCRADA,BTC_FECHABITACORA,BTC_MAC,FK_BTC_IDMODULO,BTC_IP) values ('82','INSERT','81','TBL_ACTIVIDAD',to_date('09/02/20','DD/MM/RR'),'xx','23','123');
Insert into BDS_ESCOM.TBL_BITACORA (PK_BTC_IDBITACORA,BTC_OPERACION,FK_BTC_IDUSUARIO,BTC_TABLAINVOLUCRADA,BTC_FECHABITACORA,BTC_MAC,FK_BTC_IDMODULO,BTC_IP) values ('85','INSERT','84','TBL_ACTIVIDAD',to_date('11/02/20','DD/MM/RR'),'xx','31','123');
Insert into BDS_ESCOM.TBL_BITACORA (PK_BTC_IDBITACORA,BTC_OPERACION,FK_BTC_IDUSUARIO,BTC_TABLAINVOLUCRADA,BTC_FECHABITACORA,BTC_MAC,FK_BTC_IDMODULO,BTC_IP) values ('86','INSERT','85','TBL_ACTIVIDAD',to_date('11/02/20','DD/MM/RR'),'xx','31','123');
Insert into BDS_ESCOM.TBL_BITACORA (PK_BTC_IDBITACORA,BTC_OPERACION,FK_BTC_IDUSUARIO,BTC_TABLAINVOLUCRADA,BTC_FECHABITACORA,BTC_MAC,FK_BTC_IDMODULO,BTC_IP) values ('87','INSERT','86','TBL_ACTIVIDAD',to_date('11/02/20','DD/MM/RR'),'xx','31','123');
Insert into BDS_ESCOM.TBL_BITACORA (PK_BTC_IDBITACORA,BTC_OPERACION,FK_BTC_IDUSUARIO,BTC_TABLAINVOLUCRADA,BTC_FECHABITACORA,BTC_MAC,FK_BTC_IDMODULO,BTC_IP) values ('88','INSERT','87','TBL_ACTIVIDAD',to_date('11/02/20','DD/MM/RR'),'xx','31','123');
Insert into BDS_ESCOM.TBL_BITACORA (PK_BTC_IDBITACORA,BTC_OPERACION,FK_BTC_IDUSUARIO,BTC_TABLAINVOLUCRADA,BTC_FECHABITACORA,BTC_MAC,FK_BTC_IDMODULO,BTC_IP) values ('89','INSERT','88','TBL_ACTIVIDAD',to_date('11/02/20','DD/MM/RR'),'xx','31','123');
Insert into BDS_ESCOM.TBL_BITACORA (PK_BTC_IDBITACORA,BTC_OPERACION,FK_BTC_IDUSUARIO,BTC_TABLAINVOLUCRADA,BTC_FECHABITACORA,BTC_MAC,FK_BTC_IDMODULO,BTC_IP) values ('90','INSERT','89','TBL_ACTIVIDAD',to_date('11/02/20','DD/MM/RR'),'xx','31','123');
Insert into BDS_ESCOM.TBL_BITACORA (PK_BTC_IDBITACORA,BTC_OPERACION,FK_BTC_IDUSUARIO,BTC_TABLAINVOLUCRADA,BTC_FECHABITACORA,BTC_MAC,FK_BTC_IDMODULO,BTC_IP) values ('91','INSERT','90','TBL_ACTIVIDAD',to_date('11/02/20','DD/MM/RR'),'xx','31','123');
Insert into BDS_ESCOM.TBL_BITACORA (PK_BTC_IDBITACORA,BTC_OPERACION,FK_BTC_IDUSUARIO,BTC_TABLAINVOLUCRADA,BTC_FECHABITACORA,BTC_MAC,FK_BTC_IDMODULO,BTC_IP) values ('92','INSERT','91','TBL_ACTIVIDAD',to_date('11/02/20','DD/MM/RR'),'xx','31','123');
Insert into BDS_ESCOM.TBL_BITACORA (PK_BTC_IDBITACORA,BTC_OPERACION,FK_BTC_IDUSUARIO,BTC_TABLAINVOLUCRADA,BTC_FECHABITACORA,BTC_MAC,FK_BTC_IDMODULO,BTC_IP) values ('93','INSERT','92','TBL_ACTIVIDAD',to_date('11/02/20','DD/MM/RR'),'xx','31','123');
Insert into BDS_ESCOM.TBL_BITACORA (PK_BTC_IDBITACORA,BTC_OPERACION,FK_BTC_IDUSUARIO,BTC_TABLAINVOLUCRADA,BTC_FECHABITACORA,BTC_MAC,FK_BTC_IDMODULO,BTC_IP) values ('94','INSERT','93','TBL_ACTIVIDAD',to_date('11/02/20','DD/MM/RR'),'xx','31','123');
Insert into BDS_ESCOM.TBL_BITACORA (PK_BTC_IDBITACORA,BTC_OPERACION,FK_BTC_IDUSUARIO,BTC_TABLAINVOLUCRADA,BTC_FECHABITACORA,BTC_MAC,FK_BTC_IDMODULO,BTC_IP) values ('95','INSERT','94','TBL_ACTIVIDAD',to_date('11/02/20','DD/MM/RR'),'xx','31','123');
Insert into BDS_ESCOM.TBL_BITACORA (PK_BTC_IDBITACORA,BTC_OPERACION,FK_BTC_IDUSUARIO,BTC_TABLAINVOLUCRADA,BTC_FECHABITACORA,BTC_MAC,FK_BTC_IDMODULO,BTC_IP) values ('96','INSERT','95','TBL_ACTIVIDAD',to_date('11/02/20','DD/MM/RR'),'xx','31','123');
Insert into BDS_ESCOM.TBL_BITACORA (PK_BTC_IDBITACORA,BTC_OPERACION,FK_BTC_IDUSUARIO,BTC_TABLAINVOLUCRADA,BTC_FECHABITACORA,BTC_MAC,FK_BTC_IDMODULO,BTC_IP) values ('97','INSERT','96','TBL_ACTIVIDAD',to_date('11/02/20','DD/MM/RR'),'xx','31','123');
Insert into BDS_ESCOM.TBL_BITACORA (PK_BTC_IDBITACORA,BTC_OPERACION,FK_BTC_IDUSUARIO,BTC_TABLAINVOLUCRADA,BTC_FECHABITACORA,BTC_MAC,FK_BTC_IDMODULO,BTC_IP) values ('98','INSERT','97','TBL_ACTIVIDAD',to_date('11/02/20','DD/MM/RR'),'xx','31','123');
Insert into BDS_ESCOM.TBL_BITACORA (PK_BTC_IDBITACORA,BTC_OPERACION,FK_BTC_IDUSUARIO,BTC_TABLAINVOLUCRADA,BTC_FECHABITACORA,BTC_MAC,FK_BTC_IDMODULO,BTC_IP) values ('99','INSERT','98','TBL_ACTIVIDAD',to_date('11/02/20','DD/MM/RR'),'xx','31','123');
Insert into BDS_ESCOM.TBL_BITACORA (PK_BTC_IDBITACORA,BTC_OPERACION,FK_BTC_IDUSUARIO,BTC_TABLAINVOLUCRADA,BTC_FECHABITACORA,BTC_MAC,FK_BTC_IDMODULO,BTC_IP) values ('104','INSERT','103','TBL_ACTIVIDAD',to_date('20/02/20','DD/MM/RR'),'xx','31','123');
Insert into BDS_ESCOM.TBL_BITACORA (PK_BTC_IDBITACORA,BTC_OPERACION,FK_BTC_IDUSUARIO,BTC_TABLAINVOLUCRADA,BTC_FECHABITACORA,BTC_MAC,FK_BTC_IDMODULO,BTC_IP) values ('105','INSERT','104','TBL_ACTIVIDAD',to_date('20/02/20','DD/MM/RR'),'xx','31','123');
Insert into BDS_ESCOM.TBL_BITACORA (PK_BTC_IDBITACORA,BTC_OPERACION,FK_BTC_IDUSUARIO,BTC_TABLAINVOLUCRADA,BTC_FECHABITACORA,BTC_MAC,FK_BTC_IDMODULO,BTC_IP) values ('106','INSERT','105','TBL_ACTIVIDAD',to_date('20/02/20','DD/MM/RR'),'xx','31','123');
Insert into BDS_ESCOM.TBL_BITACORA (PK_BTC_IDBITACORA,BTC_OPERACION,FK_BTC_IDUSUARIO,BTC_TABLAINVOLUCRADA,BTC_FECHABITACORA,BTC_MAC,FK_BTC_IDMODULO,BTC_IP) values ('107','INSERT','106','TBL_ACTIVIDAD',to_date('20/02/20','DD/MM/RR'),'xx','31','123');
Insert into BDS_ESCOM.TBL_BITACORA (PK_BTC_IDBITACORA,BTC_OPERACION,FK_BTC_IDUSUARIO,BTC_TABLAINVOLUCRADA,BTC_FECHABITACORA,BTC_MAC,FK_BTC_IDMODULO,BTC_IP) values ('1','ELIMINAR','1','TBL_MODULO',to_date('12/12/01','DD/MM/RR'),'WSEQ',null,'1211');
Insert into BDS_ESCOM.TBL_BITACORA (PK_BTC_IDBITACORA,BTC_OPERACION,FK_BTC_IDUSUARIO,BTC_TABLAINVOLUCRADA,BTC_FECHABITACORA,BTC_MAC,FK_BTC_IDMODULO,BTC_IP) values ('2','ACTUALIZAR','1','TBL_ACTIVIDAD',to_date('12/12/01','DD/MM/RR'),'2112','1','122');
Insert into BDS_ESCOM.TBL_BITACORA (PK_BTC_IDBITACORA,BTC_OPERACION,FK_BTC_IDUSUARIO,BTC_TABLAINVOLUCRADA,BTC_FECHABITACORA,BTC_MAC,FK_BTC_IDMODULO,BTC_IP) values ('3','INSERT','1','TBL_ACTIVIDAD',to_date('19/07/19','DD/MM/RR'),'xx','1','123');
Insert into BDS_ESCOM.TBL_BITACORA (PK_BTC_IDBITACORA,BTC_OPERACION,FK_BTC_IDUSUARIO,BTC_TABLAINVOLUCRADA,BTC_FECHABITACORA,BTC_MAC,FK_BTC_IDMODULO,BTC_IP) values ('24','INSERT','23','TBL_ACTIVIDAD',to_date('03/01/20','DD/MM/RR'),'xx','1','123');
Insert into BDS_ESCOM.TBL_BITACORA (PK_BTC_IDBITACORA,BTC_OPERACION,FK_BTC_IDUSUARIO,BTC_TABLAINVOLUCRADA,BTC_FECHABITACORA,BTC_MAC,FK_BTC_IDMODULO,BTC_IP) values ('44','INSERT','43','TBL_ACTIVIDAD',to_date('19/01/20','DD/MM/RR'),'xx','2','123');
Insert into BDS_ESCOM.TBL_BITACORA (PK_BTC_IDBITACORA,BTC_OPERACION,FK_BTC_IDUSUARIO,BTC_TABLAINVOLUCRADA,BTC_FECHABITACORA,BTC_MAC,FK_BTC_IDMODULO,BTC_IP) values ('4','INSERT','3','TBL_ACTIVIDAD',to_date('11/11/19','DD/MM/RR'),'xx','1','123');
Insert into BDS_ESCOM.TBL_BITACORA (PK_BTC_IDBITACORA,BTC_OPERACION,FK_BTC_IDUSUARIO,BTC_TABLAINVOLUCRADA,BTC_FECHABITACORA,BTC_MAC,FK_BTC_IDMODULO,BTC_IP) values ('64','INSERT','63','TBL_ACTIVIDAD',to_date('02/02/20','DD/MM/RR'),'xx','1','123');
Insert into BDS_ESCOM.TBL_BITACORA (PK_BTC_IDBITACORA,BTC_OPERACION,FK_BTC_IDUSUARIO,BTC_TABLAINVOLUCRADA,BTC_FECHABITACORA,BTC_MAC,FK_BTC_IDMODULO,BTC_IP) values ('65','INSERT','64','TBL_ACTIVIDAD',to_date('02/02/20','DD/MM/RR'),'xx','2','123');
Insert into BDS_ESCOM.TBL_BITACORA (PK_BTC_IDBITACORA,BTC_OPERACION,FK_BTC_IDUSUARIO,BTC_TABLAINVOLUCRADA,BTC_FECHABITACORA,BTC_MAC,FK_BTC_IDMODULO,BTC_IP) values ('66','INSERT','65','TBL_ACTIVIDAD',to_date('03/02/20','DD/MM/RR'),'xx','22','123');
Insert into BDS_ESCOM.TBL_BITACORA (PK_BTC_IDBITACORA,BTC_OPERACION,FK_BTC_IDUSUARIO,BTC_TABLAINVOLUCRADA,BTC_FECHABITACORA,BTC_MAC,FK_BTC_IDMODULO,BTC_IP) values ('68','INSERT','67','TBL_ACTIVIDAD',to_date('08/02/20','DD/MM/RR'),'xx','25','123');
Insert into BDS_ESCOM.TBL_BITACORA (PK_BTC_IDBITACORA,BTC_OPERACION,FK_BTC_IDUSUARIO,BTC_TABLAINVOLUCRADA,BTC_FECHABITACORA,BTC_MAC,FK_BTC_IDMODULO,BTC_IP) values ('69','INSERT','68','TBL_ACTIVIDAD',to_date('08/02/20','DD/MM/RR'),'xx','8','123');
Insert into BDS_ESCOM.TBL_BITACORA (PK_BTC_IDBITACORA,BTC_OPERACION,FK_BTC_IDUSUARIO,BTC_TABLAINVOLUCRADA,BTC_FECHABITACORA,BTC_MAC,FK_BTC_IDMODULO,BTC_IP) values ('84','INSERT','83','TBL_ACTIVIDAD',to_date('11/02/20','DD/MM/RR'),'xx','31','123');
Insert into BDS_ESCOM.TBL_BITACORA (PK_BTC_IDBITACORA,BTC_OPERACION,FK_BTC_IDUSUARIO,BTC_TABLAINVOLUCRADA,BTC_FECHABITACORA,BTC_MAC,FK_BTC_IDMODULO,BTC_IP) values ('108','INSERT','107','TBL_ACTIVIDAD',to_date('23/02/20','DD/MM/RR'),'xx','47','123');
Insert into BDS_ESCOM.TBL_BITACORA (PK_BTC_IDBITACORA,BTC_OPERACION,FK_BTC_IDUSUARIO,BTC_TABLAINVOLUCRADA,BTC_FECHABITACORA,BTC_MAC,FK_BTC_IDMODULO,BTC_IP) values ('109','INSERT','108','TBL_ACTIVIDAD',to_date('23/02/20','DD/MM/RR'),'xx','47','123');
Insert into BDS_ESCOM.TBL_BITACORA (PK_BTC_IDBITACORA,BTC_OPERACION,FK_BTC_IDUSUARIO,BTC_TABLAINVOLUCRADA,BTC_FECHABITACORA,BTC_MAC,FK_BTC_IDMODULO,BTC_IP) values ('83','INSERT','82','TBL_ACTIVIDAD',to_date('09/02/20','DD/MM/RR'),'xx','25','123');
REM INSERTING into BDS_ESCOM.TBL_CONFIGURACION
SET DEFINE OFF;
Insert into BDS_ESCOM.TBL_CONFIGURACION (PK_CONF_IDCONFIGURACION,CONF_BARRASUPERIOR,CONF_BARRALATERAL,CONF_BOTONES) values ('22','#ffffff','#506625','#f8e71c');
REM INSERTING into BDS_ESCOM.TBL_MODULO
SET DEFINE OFF;
Insert into BDS_ESCOM.TBL_MODULO (PK_MOD_IDMODULO,MOD_ULTIMAMODIFICACION,MOD_ESTADO,MOD_ACRONIMO,MOD_DESCRIPCIONMODULO,MOD_NOMBREMODULO,MOD_URL) values ('47',to_date('23/02/20','DD/MM/RR'),'Activo',null,'...','Modulo documental',null);
Insert into BDS_ESCOM.TBL_MODULO (PK_MOD_IDMODULO,MOD_ULTIMAMODIFICACION,MOD_ESTADO,MOD_ACRONIMO,MOD_DESCRIPCIONMODULO,MOD_NOMBREMODULO,MOD_URL) values ('31',null,'Activo','sa','modulo encargado de la seguridad','superadministrador','/AdminUsuario');
REM INSERTING into BDS_ESCOM.TBL_TIPODOCUMENTO
SET DEFINE OFF;
Insert into BDS_ESCOM.TBL_TIPODOCUMENTO (PK_TIP_IDTIPODOCUMENTO,TIP_TIPODOCUMENTO,TIP_ULTIMAMODIFICACION) values ('1','Cedula',to_date('12/12/00','DD/MM/RR'));
Insert into BDS_ESCOM.TBL_TIPODOCUMENTO (PK_TIP_IDTIPODOCUMENTO,TIP_TIPODOCUMENTO,TIP_ULTIMAMODIFICACION) values ('2','Tarjeta de identidad',null);
REM INSERTING into BDS_ESCOM.TBL_USUARIO
SET DEFINE OFF;
Insert into BDS_ESCOM.TBL_USUARIO (PK_USR_IDUSUARIO,USR_TOKEN,USR_NUMERODOCUMENTO,USR_APELLIDO,USR_ESTADO,USR_FECHANACIMIENTO,USR_NUMEROINTENTOS,USR_NOMBRE,USR_ULTIMAMODIFICACION,USR_CORREOELECTRONICO,FK_USR_IDTIPODOCUMENTO,USR_CONTRASENA) values ('188',' ','726514242','Cardenas','Suspendido',to_date('11/12/90','DD/MM/RR'),'0','Mychael',to_date('25/02/20','DD/MM/RR'),'mychael@villamir.com','1','80ca6666382cec8eee0563d32c63cf8cd9ee9977fc13b471efe1727ebdc4db6a4394eb369e2f5f0d14432042e8ace4c7f0e631c87663967c239d8a029a73913f4c5acca80f64f46e1e366f3286c');
Insert into BDS_ESCOM.TBL_USUARIO (PK_USR_IDUSUARIO,USR_TOKEN,USR_NUMERODOCUMENTO,USR_APELLIDO,USR_ESTADO,USR_FECHANACIMIENTO,USR_NUMEROINTENTOS,USR_NOMBRE,USR_ULTIMAMODIFICACION,USR_CORREOELECTRONICO,FK_USR_IDTIPODOCUMENTO,USR_CONTRASENA) values ('187','gAoZKJ8SSQLtC75Bv5KvAK6aiT9xGz5fhSZE44jlGnQ','123422','Pabon Rodriguez','Activo',to_date('02/10/97','DD/MM/RR'),'0','July Alejandra',to_date('25/02/20','DD/MM/RR'),'alejaja@correo.com','1','5fcadd8a94f93dc8fca0f0413d9c4445684e8a2c16e9a3a77ca41e696daab8134823f5ded83caf513535a9c63daac6eb4a3f4ec62167c1661854166da4e3f3e3913f4c5acca80f64f46e1e366f3286c');
Insert into BDS_ESCOM.TBL_USUARIO (PK_USR_IDUSUARIO,USR_TOKEN,USR_NUMERODOCUMENTO,USR_APELLIDO,USR_ESTADO,USR_FECHANACIMIENTO,USR_NUMEROINTENTOS,USR_NOMBRE,USR_ULTIMAMODIFICACION,USR_CORREOELECTRONICO,FK_USR_IDTIPODOCUMENTO,USR_CONTRASENA) values ('148',' ','7426629','zazareo zareo','Activo',to_date('25/11/90','DD/MM/RR'),'0','nantsu no ntaizai',to_date('04/01/20','DD/MM/RR'),'jeisongadddona@hotmail.com','2','381ebdba224923a7ab9ec91a918bfc1dcb69c4bc858699c3447f6620defa78d1d7d62d94b74fe03dbbb0f26f5f39d5e2f1d15bc20e2199353b7c099a5a2553913f4c5acca80f64f46e1e366f3286c');
Insert into BDS_ESCOM.TBL_USUARIO (PK_USR_IDUSUARIO,USR_TOKEN,USR_NUMERODOCUMENTO,USR_APELLIDO,USR_ESTADO,USR_FECHANACIMIENTO,USR_NUMEROINTENTOS,USR_NOMBRE,USR_ULTIMAMODIFICACION,USR_CORREOELECTRONICO,FK_USR_IDTIPODOCUMENTO,USR_CONTRASENA) values ('163',' ','80429278','Doblas','Suspendido',to_date('10/12/90','DD/MM/RR'),'0','Ruben ',to_date('24/01/20','DD/MM/RR'),'rubendoblas@hotmail.com','1','1b3f2c7b4f88d33f6e936e6ca751e23597992aa8b3e9f2278dfec169a1ef29e63749faa3aff605a8a8fff783f1467f72989323ccc1885566e2bbf9bd3423913f4c5acca80f64f46e1e366f3286c');
Insert into BDS_ESCOM.TBL_USUARIO (PK_USR_IDUSUARIO,USR_TOKEN,USR_NUMERODOCUMENTO,USR_APELLIDO,USR_ESTADO,USR_FECHANACIMIENTO,USR_NUMEROINTENTOS,USR_NOMBRE,USR_ULTIMAMODIFICACION,USR_CORREOELECTRONICO,FK_USR_IDTIPODOCUMENTO,USR_CONTRASENA) values ('156',' ','999901','sasaas 21was','Activo',to_date('14/12/02','DD/MM/RR'),'0','qwwqwq sasas',to_date('10/01/20','DD/MM/RR'),'sddsds2sa@hotmail.com','2','cda18c2518f578a24a76ecc2c63012e98b10c01f74ee18dca09eb2377f332df57e4a44db354f8b6999647775263b2f95915522d34b91aaaa7082fe855d3913f4c5acca80f64f46e1e366f3286c');
Insert into BDS_ESCOM.TBL_USUARIO (PK_USR_IDUSUARIO,USR_TOKEN,USR_NUMERODOCUMENTO,USR_APELLIDO,USR_ESTADO,USR_FECHANACIMIENTO,USR_NUMEROINTENTOS,USR_NOMBRE,USR_ULTIMAMODIFICACION,USR_CORREOELECTRONICO,FK_USR_IDTIPODOCUMENTO,USR_CONTRASENA) values ('164','32G2Urz0L61yzmE-31yMbLNB8au51Q8zObDtE9RhS0w','3232233','perez','Activo',to_date('11/12/00','DD/MM/RR'),'0','Alex',to_date('24/01/20','DD/MM/RR'),'alexperez@hotmail.com','1','fbf4b91032a11631c80fae0eb9d9c323cfd66d6f851b783321a6f183d83a92bda03984de15888747e93588646ae654fc35a9e7132818afcbce997af32d03913f4c5acca80f64f46e1e366f3286c');
Insert into BDS_ESCOM.TBL_USUARIO (PK_USR_IDUSUARIO,USR_TOKEN,USR_NUMERODOCUMENTO,USR_APELLIDO,USR_ESTADO,USR_FECHANACIMIENTO,USR_NUMEROINTENTOS,USR_NOMBRE,USR_ULTIMAMODIFICACION,USR_CORREOELECTRONICO,FK_USR_IDTIPODOCUMENTO,USR_CONTRASENA) values ('183','zZTh0-HYQdmPeXWyDbPyBvNtv4Da20fkEoYf1DqEAr4','234242421','Rodliguez','Activo',to_date('11/12/96','DD/MM/RR'),'0','Maribel',to_date('16/02/20','DD/MM/RR'),'maribelRo@hotmail.com','1','2a4b1518374165ccbab2791be1f7073ca6ec311624bd9d553ae97535dc27e9f3e318383bae2ee83dd43fd5958664e2ac02070ebdf77b2ceef36ba199c3913f4c5acca80f64f46e1e366f3286c');
Insert into BDS_ESCOM.TBL_USUARIO (PK_USR_IDUSUARIO,USR_TOKEN,USR_NUMERODOCUMENTO,USR_APELLIDO,USR_ESTADO,USR_FECHANACIMIENTO,USR_NUMEROINTENTOS,USR_NOMBRE,USR_ULTIMAMODIFICACION,USR_CORREOELECTRONICO,FK_USR_IDTIPODOCUMENTO,USR_CONTRASENA) values ('184',' ','6763322','Vaso','Activo',to_date('11/12/98','DD/MM/RR'),'0','Gansito',to_date('16/02/20','DD/MM/RR'),'gansitolove@hotmail.com','2','348815b9a89498fa7be41954cf9846b9d9ed7e2346fa9c97233297d3a62474b90aff260383a172c43d3d43156f293f29ca275475b19b7bca74bebe8fd46ba3913f4c5acca80f64f46e1e366f3286c');
Insert into BDS_ESCOM.TBL_USUARIO (PK_USR_IDUSUARIO,USR_TOKEN,USR_NUMERODOCUMENTO,USR_APELLIDO,USR_ESTADO,USR_FECHANACIMIENTO,USR_NUMEROINTENTOS,USR_NOMBRE,USR_ULTIMAMODIFICACION,USR_CORREOELECTRONICO,FK_USR_IDTIPODOCUMENTO,USR_CONTRASENA) values ('185','v2ECN3yJQD2vtk_-BHGxt2IK4zKRSN7kGHWplD_jGqE','40727263','prueba','Activo',to_date('10/12/90','DD/MM/RR'),'0','prueba',to_date('20/02/20','DD/MM/RR'),'prueba@hotmail.com','2','d1bbae7233d177519ccdaa4806714c2a527bce517b10bec584968cf13b553fff196faff4486c859f8123bcb0d7475b3f9146d2827e5fa3bb71f7280d983913f4c5acca80f64f46e1e366f3286c');
Insert into BDS_ESCOM.TBL_USUARIO (PK_USR_IDUSUARIO,USR_TOKEN,USR_NUMERODOCUMENTO,USR_APELLIDO,USR_ESTADO,USR_FECHANACIMIENTO,USR_NUMEROINTENTOS,USR_NOMBRE,USR_ULTIMAMODIFICACION,USR_CORREOELECTRONICO,FK_USR_IDTIPODOCUMENTO,USR_CONTRASENA) values ('186','ogF5N8aa-zoPttprwbXSpkOA3FfaRzei2I8GRUjt8rc','5532231','rendon','Activo',to_date('11/12/90','DD/MM/RR'),'0','Santiago',to_date('24/02/20','DD/MM/RR'),'santiagorendo@hotmail.com','2','9ee4bb6d1e99e6410fe458c069aa512dc6dabbaf14f0b4b8fa5ac36eab9d86b990b4d511e04dc04296393ba2726a66a754b955dc5bd36f49369c857bc3913f4c5acca80f64f46e1e366f3286c');
Insert into BDS_ESCOM.TBL_USUARIO (PK_USR_IDUSUARIO,USR_TOKEN,USR_NUMERODOCUMENTO,USR_APELLIDO,USR_ESTADO,USR_FECHANACIMIENTO,USR_NUMEROINTENTOS,USR_NOMBRE,USR_ULTIMAMODIFICACION,USR_CORREOELECTRONICO,FK_USR_IDTIPODOCUMENTO,USR_CONTRASENA) values ('38',' ','88165656','claro musica','Activo',to_date('02/12/03','DD/MM/RR'),'0','el auto rojo ',to_date('30/10/19','DD/MM/RR'),'juanmakako@correo.com','2','5e54c0258abca434a54b1069edeb8c61df312353fef9f2b26759d9dd1710539761506f2f57c34a1dc821f1a68a2c5fb5752726b332eca4262735f4152e1f673913f4c5acca80f64f46e1e366f3286c');
Insert into BDS_ESCOM.TBL_USUARIO (PK_USR_IDUSUARIO,USR_TOKEN,USR_NUMERODOCUMENTO,USR_APELLIDO,USR_ESTADO,USR_FECHANACIMIENTO,USR_NUMEROINTENTOS,USR_NOMBRE,USR_ULTIMAMODIFICACION,USR_CORREOELECTRONICO,FK_USR_IDTIPODOCUMENTO,USR_CONTRASENA) values ('8',' ','1073175128','Gaona Arevalo','Activo',to_date('17/12/97','DD/MM/RR'),null,'Jeison Ferney',null,'jeisongaona@hotmail.com','2','1ef22cb6f113fa0ea7bcfb61c15bbc2c177a5d09464d3edf7d5251f2ac28bfe6c317e6a1df862bd5e4783e09d43714d9579a638ce3f9aceb8f7ee7e663abd03913f4c5acca80f64f46e1e366f3286c');
Insert into BDS_ESCOM.TBL_USUARIO (PK_USR_IDUSUARIO,USR_TOKEN,USR_NUMERODOCUMENTO,USR_APELLIDO,USR_ESTADO,USR_FECHANACIMIENTO,USR_NUMEROINTENTOS,USR_NOMBRE,USR_ULTIMAMODIFICACION,USR_CORREOELECTRONICO,FK_USR_IDTIPODOCUMENTO,USR_CONTRASENA) values ('147',' ','234522212','Gaona','Activo',to_date('11/12/97','DD/MM/RR'),'0','Jeison',to_date('03/01/20','DD/MM/RR'),'jgaonapop@hotmail.com','2','805c786360c4ccec4d6ecced8f57a4a435154f76065a59b55712a219bac51f8afd672bc4211a5f21c4b6bf49c6a3a704cc4244d55fbc1a4a15a4d17f4c253913f4c5acca80f64f46e1e366f3286c');
REM INSERTING into BDS_ESCOM.TBL_USUARIOACTIVIDAD
SET DEFINE OFF;
Insert into BDS_ESCOM.TBL_USUARIOACTIVIDAD (PK_UAC_IDRELACION,FK_UAC_IDACTIVIDAD,FK_UAC_IDUSUARIO,UAC_ULTIMAMODIFICACION) values ('191','91','8',to_date('20/02/20','DD/MM/RR'));
Insert into BDS_ESCOM.TBL_USUARIOACTIVIDAD (PK_UAC_IDRELACION,FK_UAC_IDACTIVIDAD,FK_UAC_IDUSUARIO,UAC_ULTIMAMODIFICACION) values ('176','83','8',to_date('17/02/20','DD/MM/RR'));
Insert into BDS_ESCOM.TBL_USUARIOACTIVIDAD (PK_UAC_IDRELACION,FK_UAC_IDACTIVIDAD,FK_UAC_IDUSUARIO,UAC_ULTIMAMODIFICACION) values ('199','95','8',to_date('20/02/20','DD/MM/RR'));
Insert into BDS_ESCOM.TBL_USUARIOACTIVIDAD (PK_UAC_IDRELACION,FK_UAC_IDACTIVIDAD,FK_UAC_IDUSUARIO,UAC_ULTIMAMODIFICACION) values ('198','97','8',to_date('20/02/20','DD/MM/RR'));
Insert into BDS_ESCOM.TBL_USUARIOACTIVIDAD (PK_UAC_IDRELACION,FK_UAC_IDACTIVIDAD,FK_UAC_IDUSUARIO,UAC_ULTIMAMODIFICACION) values ('196','93','8',to_date('20/02/20','DD/MM/RR'));
Insert into BDS_ESCOM.TBL_USUARIOACTIVIDAD (PK_UAC_IDRELACION,FK_UAC_IDACTIVIDAD,FK_UAC_IDUSUARIO,UAC_ULTIMAMODIFICACION) values ('197','89','8',to_date('20/02/20','DD/MM/RR'));
Insert into BDS_ESCOM.TBL_USUARIOACTIVIDAD (PK_UAC_IDRELACION,FK_UAC_IDACTIVIDAD,FK_UAC_IDUSUARIO,UAC_ULTIMAMODIFICACION) values ('206','85','188',to_date('25/02/20','DD/MM/RR'));
Insert into BDS_ESCOM.TBL_USUARIOACTIVIDAD (PK_UAC_IDRELACION,FK_UAC_IDACTIVIDAD,FK_UAC_IDUSUARIO,UAC_ULTIMAMODIFICACION) values ('207','97','187',to_date('25/02/20','DD/MM/RR'));
Insert into BDS_ESCOM.TBL_USUARIOACTIVIDAD (PK_UAC_IDRELACION,FK_UAC_IDACTIVIDAD,FK_UAC_IDUSUARIO,UAC_ULTIMAMODIFICACION) values ('182','84','8',null);
Insert into BDS_ESCOM.TBL_USUARIOACTIVIDAD (PK_UAC_IDRELACION,FK_UAC_IDACTIVIDAD,FK_UAC_IDUSUARIO,UAC_ULTIMAMODIFICACION) values ('183','87','8',to_date('19/02/20','DD/MM/RR'));
Insert into BDS_ESCOM.TBL_USUARIOACTIVIDAD (PK_UAC_IDRELACION,FK_UAC_IDACTIVIDAD,FK_UAC_IDUSUARIO,UAC_ULTIMAMODIFICACION) values ('185','88','8',null);
Insert into BDS_ESCOM.TBL_USUARIOACTIVIDAD (PK_UAC_IDRELACION,FK_UAC_IDACTIVIDAD,FK_UAC_IDUSUARIO,UAC_ULTIMAMODIFICACION) values ('186','88','148',to_date('19/02/20','DD/MM/RR'));
Insert into BDS_ESCOM.TBL_USUARIOACTIVIDAD (PK_UAC_IDRELACION,FK_UAC_IDACTIVIDAD,FK_UAC_IDUSUARIO,UAC_ULTIMAMODIFICACION) values ('184','86','8',to_date('19/02/20','DD/MM/RR'));
Insert into BDS_ESCOM.TBL_USUARIOACTIVIDAD (PK_UAC_IDRELACION,FK_UAC_IDACTIVIDAD,FK_UAC_IDUSUARIO,UAC_ULTIMAMODIFICACION) values ('194','84','185',to_date('20/02/20','DD/MM/RR'));
Insert into BDS_ESCOM.TBL_USUARIOACTIVIDAD (PK_UAC_IDRELACION,FK_UAC_IDACTIVIDAD,FK_UAC_IDUSUARIO,UAC_ULTIMAMODIFICACION) values ('193','85','185',to_date('20/02/20','DD/MM/RR'));
Insert into BDS_ESCOM.TBL_USUARIOACTIVIDAD (PK_UAC_IDRELACION,FK_UAC_IDACTIVIDAD,FK_UAC_IDUSUARIO,UAC_ULTIMAMODIFICACION) values ('170','95','148',to_date('16/02/20','DD/MM/RR'));
Insert into BDS_ESCOM.TBL_USUARIOACTIVIDAD (PK_UAC_IDRELACION,FK_UAC_IDACTIVIDAD,FK_UAC_IDUSUARIO,UAC_ULTIMAMODIFICACION) values ('171','84','148',to_date('16/02/20','DD/MM/RR'));
Insert into BDS_ESCOM.TBL_USUARIOACTIVIDAD (PK_UAC_IDRELACION,FK_UAC_IDACTIVIDAD,FK_UAC_IDUSUARIO,UAC_ULTIMAMODIFICACION) values ('172','85','8',to_date('16/02/20','DD/MM/RR'));
Insert into BDS_ESCOM.TBL_USUARIOACTIVIDAD (PK_UAC_IDRELACION,FK_UAC_IDACTIVIDAD,FK_UAC_IDUSUARIO,UAC_ULTIMAMODIFICACION) values ('173','85','183',to_date('16/02/20','DD/MM/RR'));
Insert into BDS_ESCOM.TBL_USUARIOACTIVIDAD (PK_UAC_IDRELACION,FK_UAC_IDACTIVIDAD,FK_UAC_IDUSUARIO,UAC_ULTIMAMODIFICACION) values ('174','84','183',to_date('16/02/20','DD/MM/RR'));
Insert into BDS_ESCOM.TBL_USUARIOACTIVIDAD (PK_UAC_IDRELACION,FK_UAC_IDACTIVIDAD,FK_UAC_IDUSUARIO,UAC_ULTIMAMODIFICACION) values ('178','97','148',to_date('17/02/20','DD/MM/RR'));
Insert into BDS_ESCOM.TBL_USUARIOACTIVIDAD (PK_UAC_IDRELACION,FK_UAC_IDACTIVIDAD,FK_UAC_IDUSUARIO,UAC_ULTIMAMODIFICACION) values ('202','108','8',to_date('23/02/20','DD/MM/RR'));
Insert into BDS_ESCOM.TBL_USUARIOACTIVIDAD (PK_UAC_IDRELACION,FK_UAC_IDACTIVIDAD,FK_UAC_IDUSUARIO,UAC_ULTIMAMODIFICACION) values ('190','90','8',to_date('19/02/20','DD/MM/RR'));
Insert into BDS_ESCOM.TBL_USUARIOACTIVIDAD (PK_UAC_IDRELACION,FK_UAC_IDACTIVIDAD,FK_UAC_IDUSUARIO,UAC_ULTIMAMODIFICACION) values ('200','94','8',to_date('23/02/20','DD/MM/RR'));
Insert into BDS_ESCOM.TBL_USUARIOACTIVIDAD (PK_UAC_IDRELACION,FK_UAC_IDACTIVIDAD,FK_UAC_IDUSUARIO,UAC_ULTIMAMODIFICACION) values ('201','92','8',to_date('23/02/20','DD/MM/RR'));
Insert into BDS_ESCOM.TBL_USUARIOACTIVIDAD (PK_UAC_IDRELACION,FK_UAC_IDACTIVIDAD,FK_UAC_IDUSUARIO,UAC_ULTIMAMODIFICACION) values ('203','107','8',to_date('23/02/20','DD/MM/RR'));
Insert into BDS_ESCOM.TBL_USUARIOACTIVIDAD (PK_UAC_IDRELACION,FK_UAC_IDACTIVIDAD,FK_UAC_IDUSUARIO,UAC_ULTIMAMODIFICACION) values ('204','91','186',to_date('24/02/20','DD/MM/RR'));
Insert into BDS_ESCOM.TBL_USUARIOACTIVIDAD (PK_UAC_IDRELACION,FK_UAC_IDACTIVIDAD,FK_UAC_IDUSUARIO,UAC_ULTIMAMODIFICACION) values ('205','92','186',to_date('24/02/20','DD/MM/RR'));
Insert into BDS_ESCOM.TBL_USUARIOACTIVIDAD (PK_UAC_IDRELACION,FK_UAC_IDACTIVIDAD,FK_UAC_IDUSUARIO,UAC_ULTIMAMODIFICACION) values ('195','96','8',to_date('20/02/20','DD/MM/RR'));
--------------------------------------------------------
--  DDL for Index TBL_TIPODOCUMENTO_PK
--------------------------------------------------------

  CREATE UNIQUE INDEX "BDS_ESCOM"."TBL_TIPODOCUMENTO_PK" ON "BDS_ESCOM"."TBL_TIPODOCUMENTO" ("PK_TIP_IDTIPODOCUMENTO") 
  PCTFREE 10 INITRANS 2 MAXTRANS 255 COMPUTE STATISTICS 
  STORAGE(INITIAL 65536 NEXT 1048576 MINEXTENTS 1 MAXEXTENTS 2147483645
  PCTINCREASE 0 FREELISTS 1 FREELIST GROUPS 1 BUFFER_POOL DEFAULT FLASH_CACHE DEFAULT CELL_FLASH_CACHE DEFAULT)
  TABLESPACE "USERS" ;
--------------------------------------------------------
--  DDL for Index TBL_USUARIOACTIVIDAD_PK
--------------------------------------------------------

  CREATE UNIQUE INDEX "BDS_ESCOM"."TBL_USUARIOACTIVIDAD_PK" ON "BDS_ESCOM"."TBL_USUARIOACTIVIDAD" ("PK_UAC_IDRELACION") 
  PCTFREE 10 INITRANS 2 MAXTRANS 255 COMPUTE STATISTICS 
  STORAGE(INITIAL 65536 NEXT 1048576 MINEXTENTS 1 MAXEXTENTS 2147483645
  PCTINCREASE 0 FREELISTS 1 FREELIST GROUPS 1 BUFFER_POOL DEFAULT FLASH_CACHE DEFAULT CELL_FLASH_CACHE DEFAULT)
  TABLESPACE "USERS" ;
--------------------------------------------------------
--  DDL for Index TBL_USUARIO_PK
--------------------------------------------------------

  CREATE UNIQUE INDEX "BDS_ESCOM"."TBL_USUARIO_PK" ON "BDS_ESCOM"."TBL_USUARIO" ("PK_USR_IDUSUARIO") 
  PCTFREE 10 INITRANS 2 MAXTRANS 255 COMPUTE STATISTICS 
  STORAGE(INITIAL 65536 NEXT 1048576 MINEXTENTS 1 MAXEXTENTS 2147483645
  PCTINCREASE 0 FREELISTS 1 FREELIST GROUPS 1 BUFFER_POOL DEFAULT FLASH_CACHE DEFAULT CELL_FLASH_CACHE DEFAULT)
  TABLESPACE "USERS" ;
--------------------------------------------------------
--  DDL for Index TBL_MODULO_PK
--------------------------------------------------------

  CREATE UNIQUE INDEX "BDS_ESCOM"."TBL_MODULO_PK" ON "BDS_ESCOM"."TBL_MODULO" ("PK_MOD_IDMODULO") 
  PCTFREE 10 INITRANS 2 MAXTRANS 255 COMPUTE STATISTICS 
  STORAGE(INITIAL 65536 NEXT 1048576 MINEXTENTS 1 MAXEXTENTS 2147483645
  PCTINCREASE 0 FREELISTS 1 FREELIST GROUPS 1 BUFFER_POOL DEFAULT FLASH_CACHE DEFAULT CELL_FLASH_CACHE DEFAULT)
  TABLESPACE "USERS" ;
--------------------------------------------------------
--  DDL for Index TBL_CONFIGURACION_PK
--------------------------------------------------------

  CREATE UNIQUE INDEX "BDS_ESCOM"."TBL_CONFIGURACION_PK" ON "BDS_ESCOM"."TBL_CONFIGURACION" ("PK_CONF_IDCONFIGURACION") 
  PCTFREE 10 INITRANS 2 MAXTRANS 255 COMPUTE STATISTICS 
  STORAGE(INITIAL 65536 NEXT 1048576 MINEXTENTS 1 MAXEXTENTS 2147483645
  PCTINCREASE 0 FREELISTS 1 FREELIST GROUPS 1 BUFFER_POOL DEFAULT FLASH_CACHE DEFAULT CELL_FLASH_CACHE DEFAULT)
  TABLESPACE "USERS" ;
--------------------------------------------------------
--  DDL for Index TBL_ACTIVIDAD_PK
--------------------------------------------------------

  CREATE UNIQUE INDEX "BDS_ESCOM"."TBL_ACTIVIDAD_PK" ON "BDS_ESCOM"."TBL_ACTIVIDAD" ("PK_ACT_IDACTIVIDAD") 
  PCTFREE 10 INITRANS 2 MAXTRANS 255 COMPUTE STATISTICS 
  STORAGE(INITIAL 65536 NEXT 1048576 MINEXTENTS 1 MAXEXTENTS 2147483645
  PCTINCREASE 0 FREELISTS 1 FREELIST GROUPS 1 BUFFER_POOL DEFAULT FLASH_CACHE DEFAULT CELL_FLASH_CACHE DEFAULT)
  TABLESPACE "USERS" ;
--------------------------------------------------------
--  DDL for Index TBL_BITACORA_PK
--------------------------------------------------------

  CREATE UNIQUE INDEX "BDS_ESCOM"."TBL_BITACORA_PK" ON "BDS_ESCOM"."TBL_BITACORA" ("PK_BTC_IDBITACORA") 
  PCTFREE 10 INITRANS 2 MAXTRANS 255 COMPUTE STATISTICS 
  STORAGE(INITIAL 65536 NEXT 1048576 MINEXTENTS 1 MAXEXTENTS 2147483645
  PCTINCREASE 0 FREELISTS 1 FREELIST GROUPS 1 BUFFER_POOL DEFAULT FLASH_CACHE DEFAULT CELL_FLASH_CACHE DEFAULT)
  TABLESPACE "USERS" ;
--------------------------------------------------------
--  DDL for Trigger AUDITORIA_TABLA
--------------------------------------------------------

  CREATE OR REPLACE TRIGGER "BDS_ESCOM"."AUDITORIA_TABLA" 
before insert or update or delete
on TBL_ACTIVIDAD
for each row
begin
if inserting then

insert into      "TBL_BITACORA" (BTC_OPERACION, FK_BTC_IDUSUARIO, BTC_TABLAINVOLUCRADA, BTC_FECHABITACORA, BTC_MAC, FK_BTC_IDMODULO, BTC_IP) values(
'INSERT',
:new.PK_ACT_IDACTIVIDAD,
'TBL_ACTIVIDAD',
sysdate,
'xx',
:new.FK_ACT_IDMODULO,
'123');
end if;
end;


/
ALTER TRIGGER "BDS_ESCOM"."AUDITORIA_TABLA" ENABLE;
--------------------------------------------------------
--  DDL for Trigger TRIGGER_SEQ_TBL_ACTIVIDAD
--------------------------------------------------------

  CREATE OR REPLACE TRIGGER "BDS_ESCOM"."TRIGGER_SEQ_TBL_ACTIVIDAD" 
before insert on TBL_ACTIVIDAD
for each row
begin
    select SEQ_TBL_ACTIVIDAD.nextval into :new.PK_ACT_IDACTIVIDAD from dual;
end;


/
ALTER TRIGGER "BDS_ESCOM"."TRIGGER_SEQ_TBL_ACTIVIDAD" ENABLE;
--------------------------------------------------------
--  DDL for Trigger TRIGGER_SEQ_TBL_BITACORA
--------------------------------------------------------

  CREATE OR REPLACE TRIGGER "BDS_ESCOM"."TRIGGER_SEQ_TBL_BITACORA" 
before insert on TBL_BITACORA
for each row
begin
    select SEQ_TBL_BITACORA.nextval into :new.PK_BTC_IDBITACORA from dual;
end;


/
ALTER TRIGGER "BDS_ESCOM"."TRIGGER_SEQ_TBL_BITACORA" ENABLE;
--------------------------------------------------------
--  DDL for Trigger TRIGGER_SEQ_TBL_CONFIGURACION
--------------------------------------------------------

  CREATE OR REPLACE TRIGGER "BDS_ESCOM"."TRIGGER_SEQ_TBL_CONFIGURACION" 
before insert on TBL_CONFIGURACION
for each row
begin
    select SEQ_TBL_CONFIGURACION.nextval into :new.PK_CONF_IDCONFIGURACION from dual;
end;

/
ALTER TRIGGER "BDS_ESCOM"."TRIGGER_SEQ_TBL_CONFIGURACION" ENABLE;
--------------------------------------------------------
--  DDL for Trigger TRIGGER_SEQ_TBL_MODULO
--------------------------------------------------------

  CREATE OR REPLACE TRIGGER "BDS_ESCOM"."TRIGGER_SEQ_TBL_MODULO" 
before insert on TBL_MODULO
for each row
begin
    select SEQ_TBL_MODULO.nextval into :new.PK_MOD_IDMODULO from dual;
end;


/
ALTER TRIGGER "BDS_ESCOM"."TRIGGER_SEQ_TBL_MODULO" ENABLE;
--------------------------------------------------------
--  DDL for Trigger TRIGGER_SEQ_TBL_TIPODOCUMENTO
--------------------------------------------------------

  CREATE OR REPLACE TRIGGER "BDS_ESCOM"."TRIGGER_SEQ_TBL_TIPODOCUMENTO" 
before insert on TBL_TIPODOCUMENTO
for each row
begin
    select SEQ_TBL_TIPODOCUMENTO.nextval into :new.PK_TIP_IDTIPODOCUMENTO from dual;
end;


/
ALTER TRIGGER "BDS_ESCOM"."TRIGGER_SEQ_TBL_TIPODOCUMENTO" ENABLE;
--------------------------------------------------------
--  DDL for Trigger TRIGGER_SEQ_TBL_USUARIO
--------------------------------------------------------

  CREATE OR REPLACE TRIGGER "BDS_ESCOM"."TRIGGER_SEQ_TBL_USUARIO" 
before insert on TBL_USUARIO
for each row
begin
    select SEQ_TBL_USUARIO.nextval into :new.PK_USR_IDUSUARIO from dual;
end;


/
ALTER TRIGGER "BDS_ESCOM"."TRIGGER_SEQ_TBL_USUARIO" ENABLE;
--------------------------------------------------------
--  DDL for Trigger TRIGGER_SEQ_TBL_USUARIOACTIVID
--------------------------------------------------------

  CREATE OR REPLACE TRIGGER "BDS_ESCOM"."TRIGGER_SEQ_TBL_USUARIOACTIVID" 
before insert on TBL_USUARIOACTIVIDAD
for each row
begin
    select SEQ_TBL_USUARIOACTIVIDAD.nextval into :new.PK_UAC_IDRELACION from dual;
end;


/
ALTER TRIGGER "BDS_ESCOM"."TRIGGER_SEQ_TBL_USUARIOACTIVID" ENABLE;
--------------------------------------------------------
--  DDL for Function CUSTOM_AUTH
--------------------------------------------------------

  CREATE OR REPLACE FUNCTION "BDS_ESCOM"."CUSTOM_AUTH" (p_username in VARCHAR2, p_password in VARCHAR2)
return BOOLEAN
is
  l_password varchar2(4000);
  l_stored_password varchar2(4000);
  l_expires_on date;
  l_count number;
begin
-- First, check to see if the user is in the user table
select count(*) into l_count from demo_users where user_name = p_username;
if l_count > 0 then
  -- First, we fetch the stored hashed password & expire date
  select password, expires_on into l_stored_password, l_expires_on
   from demo_users where user_name = p_username;

  -- Next, we check to see if the user's account is expired
  -- If it is, return FALSE
  if l_expires_on > sysdate or l_expires_on is null then

    -- If the account is not expired, we have to apply the custom hash
    -- function to the password
    l_password := custom_hash(p_username, p_password);

    -- Finally, we compare them to see if they are the same and return
    -- either TRUE or FALSE
    if l_password = l_stored_password then
      return true;
    else
      return false;
    end if;
  else
    return false;
  end if;
else
  -- The username provided is not in the DEMO_USERS table
  return false;
end if;
end;



/
--------------------------------------------------------
--  DDL for Function CUSTOM_HASH
--------------------------------------------------------

  CREATE OR REPLACE FUNCTION "BDS_ESCOM"."CUSTOM_HASH" (p_username in varchar2, p_password in varchar2)
return varchar2
is
  l_password varchar2(4000);
  l_salt varchar2(4000) := '8X14BYL9NHJ0JWHUTTFCYJBOZYP73R';
begin

-- This function should be wrapped, as the hash algorhythm is exposed here.
-- You can change the value of l_salt or the method of which to call the
-- DBMS_OBFUSCATOIN toolkit, but you much reset all of your passwords
-- if you choose to do this.

l_password := utl_raw.cast_to_raw(dbms_obfuscation_toolkit.md5
  (input_string => p_password || substr(l_salt,10,13) || p_username ||
    substr(l_salt, 4,10)));
return l_password;
end;



/
--------------------------------------------------------
--  Constraints for Table TBL_BITACORA
--------------------------------------------------------

  ALTER TABLE "BDS_ESCOM"."TBL_BITACORA" ADD CONSTRAINT "TBL_BITACORA_PK" PRIMARY KEY ("PK_BTC_IDBITACORA")
  USING INDEX PCTFREE 10 INITRANS 2 MAXTRANS 255 COMPUTE STATISTICS 
  STORAGE(INITIAL 65536 NEXT 1048576 MINEXTENTS 1 MAXEXTENTS 2147483645
  PCTINCREASE 0 FREELISTS 1 FREELIST GROUPS 1 BUFFER_POOL DEFAULT FLASH_CACHE DEFAULT CELL_FLASH_CACHE DEFAULT)
  TABLESPACE "USERS"  ENABLE;
  ALTER TABLE "BDS_ESCOM"."TBL_BITACORA" MODIFY ("PK_BTC_IDBITACORA" NOT NULL ENABLE);
--------------------------------------------------------
--  Constraints for Table TBL_TIPODOCUMENTO
--------------------------------------------------------

  ALTER TABLE "BDS_ESCOM"."TBL_TIPODOCUMENTO" ADD CONSTRAINT "TBL_TIPODOCUMENTO_PK" PRIMARY KEY ("PK_TIP_IDTIPODOCUMENTO")
  USING INDEX PCTFREE 10 INITRANS 2 MAXTRANS 255 COMPUTE STATISTICS 
  STORAGE(INITIAL 65536 NEXT 1048576 MINEXTENTS 1 MAXEXTENTS 2147483645
  PCTINCREASE 0 FREELISTS 1 FREELIST GROUPS 1 BUFFER_POOL DEFAULT FLASH_CACHE DEFAULT CELL_FLASH_CACHE DEFAULT)
  TABLESPACE "USERS"  ENABLE;
  ALTER TABLE "BDS_ESCOM"."TBL_TIPODOCUMENTO" MODIFY ("PK_TIP_IDTIPODOCUMENTO" NOT NULL ENABLE);
--------------------------------------------------------
--  Constraints for Table TBL_MODULO
--------------------------------------------------------

  ALTER TABLE "BDS_ESCOM"."TBL_MODULO" ADD CONSTRAINT "TBL_MODULO_PK" PRIMARY KEY ("PK_MOD_IDMODULO")
  USING INDEX PCTFREE 10 INITRANS 2 MAXTRANS 255 COMPUTE STATISTICS 
  STORAGE(INITIAL 65536 NEXT 1048576 MINEXTENTS 1 MAXEXTENTS 2147483645
  PCTINCREASE 0 FREELISTS 1 FREELIST GROUPS 1 BUFFER_POOL DEFAULT FLASH_CACHE DEFAULT CELL_FLASH_CACHE DEFAULT)
  TABLESPACE "USERS"  ENABLE;
  ALTER TABLE "BDS_ESCOM"."TBL_MODULO" MODIFY ("PK_MOD_IDMODULO" NOT NULL ENABLE);
--------------------------------------------------------
--  Constraints for Table TBL_CONFIGURACION
--------------------------------------------------------

  ALTER TABLE "BDS_ESCOM"."TBL_CONFIGURACION" MODIFY ("PK_CONF_IDCONFIGURACION" NOT NULL ENABLE);
  ALTER TABLE "BDS_ESCOM"."TBL_CONFIGURACION" ADD CONSTRAINT "TBL_CONFIGURACION_PK" PRIMARY KEY ("PK_CONF_IDCONFIGURACION")
  USING INDEX PCTFREE 10 INITRANS 2 MAXTRANS 255 COMPUTE STATISTICS 
  STORAGE(INITIAL 65536 NEXT 1048576 MINEXTENTS 1 MAXEXTENTS 2147483645
  PCTINCREASE 0 FREELISTS 1 FREELIST GROUPS 1 BUFFER_POOL DEFAULT FLASH_CACHE DEFAULT CELL_FLASH_CACHE DEFAULT)
  TABLESPACE "USERS"  ENABLE;
--------------------------------------------------------
--  Constraints for Table TBL_USUARIO
--------------------------------------------------------

  ALTER TABLE "BDS_ESCOM"."TBL_USUARIO" ADD CONSTRAINT "TBL_USUARIO_PK" PRIMARY KEY ("PK_USR_IDUSUARIO")
  USING INDEX PCTFREE 10 INITRANS 2 MAXTRANS 255 COMPUTE STATISTICS 
  STORAGE(INITIAL 65536 NEXT 1048576 MINEXTENTS 1 MAXEXTENTS 2147483645
  PCTINCREASE 0 FREELISTS 1 FREELIST GROUPS 1 BUFFER_POOL DEFAULT FLASH_CACHE DEFAULT CELL_FLASH_CACHE DEFAULT)
  TABLESPACE "USERS"  ENABLE;
  ALTER TABLE "BDS_ESCOM"."TBL_USUARIO" MODIFY ("PK_USR_IDUSUARIO" NOT NULL ENABLE);
--------------------------------------------------------
--  Constraints for Table TBL_USUARIOACTIVIDAD
--------------------------------------------------------

  ALTER TABLE "BDS_ESCOM"."TBL_USUARIOACTIVIDAD" ADD CONSTRAINT "TBL_USUARIOACTIVIDAD_PK" PRIMARY KEY ("PK_UAC_IDRELACION")
  USING INDEX PCTFREE 10 INITRANS 2 MAXTRANS 255 COMPUTE STATISTICS 
  STORAGE(INITIAL 65536 NEXT 1048576 MINEXTENTS 1 MAXEXTENTS 2147483645
  PCTINCREASE 0 FREELISTS 1 FREELIST GROUPS 1 BUFFER_POOL DEFAULT FLASH_CACHE DEFAULT CELL_FLASH_CACHE DEFAULT)
  TABLESPACE "USERS"  ENABLE;
  ALTER TABLE "BDS_ESCOM"."TBL_USUARIOACTIVIDAD" MODIFY ("PK_UAC_IDRELACION" NOT NULL ENABLE);
--------------------------------------------------------
--  Constraints for Table TBL_ACTIVIDAD
--------------------------------------------------------

  ALTER TABLE "BDS_ESCOM"."TBL_ACTIVIDAD" ADD CONSTRAINT "TBL_ACTIVIDAD_PK" PRIMARY KEY ("PK_ACT_IDACTIVIDAD")
  USING INDEX PCTFREE 10 INITRANS 2 MAXTRANS 255 COMPUTE STATISTICS 
  STORAGE(INITIAL 65536 NEXT 1048576 MINEXTENTS 1 MAXEXTENTS 2147483645
  PCTINCREASE 0 FREELISTS 1 FREELIST GROUPS 1 BUFFER_POOL DEFAULT FLASH_CACHE DEFAULT CELL_FLASH_CACHE DEFAULT)
  TABLESPACE "USERS"  ENABLE;
  ALTER TABLE "BDS_ESCOM"."TBL_ACTIVIDAD" MODIFY ("PK_ACT_IDACTIVIDAD" NOT NULL ENABLE);
--------------------------------------------------------
--  Ref Constraints for Table TBL_ACTIVIDAD
--------------------------------------------------------

  ALTER TABLE "BDS_ESCOM"."TBL_ACTIVIDAD" ADD CONSTRAINT "RELACION_IDMODULO" FOREIGN KEY ("FK_ACT_IDMODULO")
	  REFERENCES "BDS_ESCOM"."TBL_MODULO" ("PK_MOD_IDMODULO") ENABLE;
--------------------------------------------------------
--  Ref Constraints for Table TBL_USUARIO
--------------------------------------------------------

  ALTER TABLE "BDS_ESCOM"."TBL_USUARIO" ADD CONSTRAINT "RELACION_TIPODOC" FOREIGN KEY ("FK_USR_IDTIPODOCUMENTO")
	  REFERENCES "BDS_ESCOM"."TBL_TIPODOCUMENTO" ("PK_TIP_IDTIPODOCUMENTO") ENABLE;
--------------------------------------------------------
--  Ref Constraints for Table TBL_USUARIOACTIVIDAD
--------------------------------------------------------

  ALTER TABLE "BDS_ESCOM"."TBL_USUARIOACTIVIDAD" ADD CONSTRAINT "RELACION_ACTV" FOREIGN KEY ("FK_UAC_IDACTIVIDAD")
	  REFERENCES "BDS_ESCOM"."TBL_ACTIVIDAD" ("PK_ACT_IDACTIVIDAD") ENABLE;
  ALTER TABLE "BDS_ESCOM"."TBL_USUARIOACTIVIDAD" ADD CONSTRAINT "RELACION_USUARIO" FOREIGN KEY ("FK_UAC_IDUSUARIO")
	  REFERENCES "BDS_ESCOM"."TBL_USUARIO" ("PK_USR_IDUSUARIO") ENABLE;
